,datetime,datetimeEpoch,tempmax,tempmin,temp,feelslikemax,feelslikemin,feelslike,dew,humidity,precip,precipprob,precipcover
0,2020-11-25,1606242600,27.0,24.4,25.7,31.8,24.4,26.2,25.0,96.0,146.759,100.0,33.33
1,2020-11-26,1606329000,28.0,22.7,25.5,33.6,22.7,26.7,24.0,91.3,20.87,100.0,20.83
2,2020-11-27,1606415400,30.0,21.2,25.6,33.3,21.2,26.4,21.9,80.7,6.718,100.0,8.33
3,2020-11-28,1606501800,32.0,23.2,27.2,40.6,23.2,30.3,24.3,85.0,0.0,0.0,0.0
4,2020-11-29,1606588200,30.0,24.7,27.0,37.4,24.7,29.5,25.0,89.4,0.328,100.0,4.17
5,2020-11-30,1606674600,31.0,25.0,27.4,37.7,25.0,30.0,24.4,84.5,3.045,100.0,8.33
6,2020-12-01,1606761000,30.0,23.9,27.0,34.1,23.9,29.0,23.0,79.6,0.0,0.0,0.0
7,2020-12-02,1606847400,28.0,25.8,26.8,33.6,25.8,28.8,24.3,86.3,8.0,100.0,4.17
8,2020-12-03,1606933800,28.0,25.0,26.4,33.6,25.0,28.1,25.2,93.3,73.28,100.0,25.0
9,2020-12-04,1607020200,27.0,24.0,26.0,31.2,24.0,26.8,24.9,93.9,60.241,100.0,20.83
10,2020-12-05,1607106600,28.0,25.0,26.2,33.6,25.0,27.2,25.1,94.0,32.483,100.0,12.5
11,2020-12-06,1607193000,31.0,25.1,27.7,39.1,25.1,31.4,25.3,87.3,24.436,100.0,16.67
12,2020-12-07,1607279400,30.0,24.7,27.3,38.8,24.7,30.6,25.4,89.6,13.53,100.0,16.67
13,2020-12-08,1607365800,32.0,25.0,27.6,40.6,25.0,31.1,25.1,87.1,13.553,100.0,12.5
14,2020-12-09,1607452200,31.0,22.9,27.2,36.5,22.9,29.1,24.1,84.5,4.724,100.0,8.33
15,2020-12-10,1607538600,31.0,23.6,26.4,34.6,23.6,27.4,22.2,79.0,0.0,0.0,0.0
16,2020-12-11,1607625000,31.0,22.9,26.0,35.5,22.9,27.3,22.1,80.1,0.0,0.0,0.0
17,2020-12-12,1607711400,31.0,23.0,26.2,34.6,23.0,27.1,21.4,76.5,0.0,0.0,0.0
18,2020-12-13,1607797800,31.0,22.9,26.6,34.6,22.9,28.0,22.6,79.7,0.0,0.0,0.0
19,2020-12-14,1607884200,31.0,22.9,26.3,33.6,22.9,27.1,21.4,76.9,0.0,0.0,0.0
20,2020-12-15,1607970600,32.0,23.7,27.4,36.8,23.7,29.7,22.8,77.1,0.0,0.0,0.0
21,2020-12-16,1608057000,30.0,25.0,27.6,36.2,25.0,30.9,24.2,82.2,4.207,100.0,16.67
22,2020-12-17,1608143400,30.0,25.8,27.7,36.2,25.8,31.1,24.3,81.8,8.538,100.0,12.5
23,2020-12-18,1608229800,32.0,25.0,27.3,37.9,25.0,29.5,23.6,80.9,0.0,0.0,0.0
24,2020-12-19,1608316200,31.0,25.0,27.3,36.5,25.0,29.0,22.7,77.0,0.0,0.0,0.0
25,2020-12-20,1608402600,30.0,24.0,27.0,31.9,24.0,27.7,20.2,67.5,0.0,0.0,0.0
26,2020-12-21,1608489000,30.0,24.0,26.4,31.3,24.0,26.7,19.0,64.7,0.0,0.0,0.0
27,2020-12-22,1608575400,29.0,22.0,25.2,30.8,22.0,25.7,19.6,71.7,0.0,0.0,0.0
28,2020-12-23,1608661800,29.0,22.0,25.4,30.8,22.0,25.9,19.9,72.6,0.0,0.0,0.0
29,2020-12-24,1608748200,30.0,22.0,25.1,31.3,22.0,25.5,19.7,73.6,0.0,0.0,0.0
30,2020-12-25,1608834600,30.0,21.9,25.7,32.6,21.9,26.5,20.3,73.2,0.0,0.0,0.0
31,2020-12-26,1608921000,30.0,21.9,25.7,31.9,21.9,26.3,20.8,75.8,0.0,0.0,0.0
32,2020-12-27,1609007400,30.0,22.9,26.0,32.7,22.9,27.0,21.7,78.1,0.0,0.0,0.0
33,2020-12-28,1609093800,30.0,22.0,26.0,32.6,22.0,26.9,21.0,75.0,0.0,0.0,0.0
34,2020-12-29,1609180200,30.0,24.5,26.8,33.6,24.5,28.3,22.2,76.6,0.0,0.0,0.0
35,2020-12-30,1609266600,29.1,25.0,27.0,32.7,25.0,28.8,23.3,80.7,5.794,100.0,4.17
36,2020-12-31,1609353000,30.0,25.1,27.4,34.1,25.1,29.3,22.5,75.1,0.0,0.0,0.0
37,2021-01-01,1609439400,30.0,23.0,26.3,32.6,23.0,27.1,21.1,74.0,0.0,0.0,0.0
38,2021-01-02,1609525800,27.0,24.9,25.5,30.1,24.9,25.6,23.3,87.7,5.724,100.0,8.33
39,2021-01-03,1609612200,28.0,25.0,26.2,31.9,25.0,27.3,23.8,86.8,0.193,100.0,4.17
40,2021-01-04,1609698600,29.0,23.0,26.6,33.6,23.0,28.4,23.2,82.0,0.0,0.0,0.0
41,2021-01-05,1609785000,26.0,23.0,24.7,26.0,23.0,24.7,23.7,94.5,164.171,100.0,29.17
42,2021-01-06,1609871400,28.0,22.0,24.8,32.5,22.0,25.3,23.2,90.8,33.895,100.0,12.5
43,2021-01-07,1609957800,30.0,24.7,26.3,35.1,24.7,27.9,24.7,91.0,7.939,100.0,12.5
44,2021-01-08,1610044200,28.0,25.0,26.3,32.7,25.0,27.5,24.2,88.7,0.0,0.0,0.0
45,2021-01-09,1610130600,30.0,24.7,26.9,35.1,24.7,28.8,24.2,85.8,0.076,100.0,4.17
46,2021-01-10,1610217000,30.0,25.0,27.3,36.2,25.0,29.9,24.5,85.6,0.0,0.0,0.0
47,2021-01-11,1610303400,30.0,26.0,27.3,35.1,26.0,29.6,24.3,84.4,0.483,100.0,4.17
48,2021-01-12,1610389800,30.0,25.0,27.1,35.1,25.0,29.0,23.8,82.8,0.0,0.0,0.0
49,2021-01-13,1610476200,30.0,24.8,26.8,34.1,24.8,28.3,23.4,82.3,0.0,0.0,0.0
50,2021-01-14,1610562600,30.0,24.2,26.8,35.1,24.2,28.7,23.6,83.4,0.0,0.0,0.0
51,2021-01-15,1610649000,31.0,23.0,26.5,35.5,23.0,27.7,22.2,78.4,0.0,0.0,0.0
52,2021-01-16,1610735400,30.0,22.8,25.7,32.6,22.8,26.5,21.2,77.1,0.0,0.0,0.0
53,2021-01-17,1610821800,30.0,21.0,25.5,31.3,21.0,26.0,19.8,72.0,0.0,0.0,0.0
54,2021-01-18,1610908200,30.0,22.0,25.7,31.3,22.0,26.4,20.3,73.3,0.0,0.0,0.0
55,2021-01-19,1610994600,31.0,22.0,26.4,32.4,22.0,27.2,21.0,74.0,0.0,0.0,0.0
56,2021-01-20,1611081000,29.0,24.0,26.4,32.0,24.0,27.6,22.3,78.4,0.0,0.0,0.0
57,2021-01-21,1611167400,31.0,24.0,27.0,36.5,24.0,29.6,23.8,83.5,0.0,0.0,0.0
58,2021-01-22,1611253800,32.0,24.6,27.4,35.8,24.6,29.2,23.6,80.9,0.0,0.0,0.0
59,2021-01-23,1611340200,30.0,23.0,26.3,32.6,23.0,27.3,21.6,76.8,0.0,0.0,0.0
60,2021-01-24,1611426600,31.0,23.0,26.2,32.4,23.0,27.0,21.1,75.0,0.0,0.0,0.0
61,2021-01-25,1611513000,31.0,23.0,26.3,33.0,23.0,27.0,20.7,73.2,0.0,0.0,0.0
62,2021-01-26,1611599400,30.0,22.0,25.9,30.8,22.0,26.2,19.5,69.7,0.0,0.0,0.0
63,2021-01-27,1611685800,30.0,22.0,25.6,31.3,22.0,26.0,20.0,72.5,0.0,0.0,0.0
64,2021-01-28,1611772200,30.0,23.0,26.0,32.1,23.0,27.0,21.1,75.1,0.0,0.0,0.0
65,2021-01-29,1611858600,31.0,23.0,26.6,33.7,23.0,27.5,21.1,73.2,0.0,0.0,0.0
66,2021-01-30,1611945000,31.0,23.0,26.6,33.0,23.0,27.3,21.1,73.5,0.0,0.0,0.0
67,2021-01-31,1612031400,31.0,22.0,26.4,33.7,22.0,27.4,21.3,75.0,0.0,0.0,0.0
68,2021-02-01,1612117800,30.0,23.0,26.6,31.9,23.0,27.6,20.6,70.9,0.0,0.0,0.0
69,2021-02-02,1612204200,30.0,23.0,26.6,33.6,23.0,27.7,21.0,72.7,0.0,0.0,0.0
70,2021-02-03,1612290600,30.0,23.0,26.3,30.8,23.0,26.6,19.0,65.0,0.0,0.0,0.0
71,2021-02-04,1612377000,30.0,21.0,25.3,30.3,21.0,25.5,18.0,65.9,0.0,0.0,0.0
72,2021-02-05,1612463400,29.6,20.0,25.0,30.4,20.0,25.2,17.7,65.6,0.0,0.0,0.0
73,2021-02-06,1612549800,30.0,20.0,25.0,30.0,20.0,25.2,18.2,67.8,0.0,0.0,0.0
74,2021-02-07,1612636200,31.0,20.0,25.1,31.9,20.0,25.4,19.0,70.6,0.0,0.0,0.0
75,2021-02-08,1612722600,31.0,19.0,25.5,30.4,19.0,25.6,18.4,68.1,0.0,0.0,0.0
76,2021-02-09,1612809000,30.0,22.0,25.9,29.8,22.0,26.0,17.3,60.7,0.0,0.0,0.0
77,2021-02-10,1612895400,30.0,22.0,25.2,30.0,22.0,25.3,17.6,63.9,0.0,0.0,0.0
78,2021-02-11,1612981800,29.0,20.0,24.4,29.1,20.0,24.4,16.8,64.7,0.0,0.0,0.0
79,2021-02-12,1613068200,29.0,20.0,24.9,29.1,20.0,25.0,16.6,61.1,0.0,0.0,0.0
80,2021-02-13,1613154600,30.0,21.0,24.9,30.3,21.0,25.2,18.7,69.2,0.0,0.0,0.0
81,2021-02-14,1613241000,30.0,21.1,25.0,30.0,21.1,25.2,18.8,70.6,0.0,0.0,0.0
82,2021-02-15,1613327400,30.0,21.0,25.2,31.9,21.0,25.8,19.8,73.3,0.0,0.0,0.0
83,2021-02-16,1613413800,31.0,20.0,25.4,31.9,20.0,25.8,19.3,70.5,0.0,0.0,0.0
84,2021-02-17,1613500200,29.0,22.0,25.5,30.3,22.0,26.0,19.2,69.2,0.0,0.0,0.0
85,2021-02-18,1613586600,29.5,22.0,26.0,30.9,22.0,26.4,18.9,65.9,0.0,0.0,0.0
86,2021-02-19,1613673000,29.5,23.0,26.3,32.6,23.0,27.6,21.5,75.5,1.1,100.0,25.0
87,2021-02-20,1613759400,28.5,23.0,25.6,30.7,23.0,26.2,21.3,77.8,6.5,100.0,75.0
88,2021-02-21,1613845800,28.2,24.0,26.0,30.4,24.0,26.7,21.4,75.9,21.2,100.0,54.17
89,2021-02-22,1613932200,30.6,23.0,26.9,34.1,23.0,28.4,21.9,75.2,0.0,0.0,0.0
90,2021-02-23,1614018600,31.0,23.0,26.5,34.6,23.0,27.6,21.5,75.2,0.0,0.0,0.0
91,2021-02-24,1614105000,32.0,22.0,26.3,32.9,22.0,26.6,20.2,71.6,0.0,0.0,0.0
92,2021-02-25,1614191400,32.0,22.0,26.3,33.5,22.0,26.9,20.5,72.6,0.0,0.0,0.0
93,2021-02-26,1614277800,33.0,22.0,26.5,36.5,22.0,27.7,21.3,74.7,0.0,0.0,0.0
94,2021-02-27,1614364200,33.0,22.0,26.7,35.8,22.0,27.8,21.4,75.2,0.0,0.0,0.0
95,2021-02-28,1614450600,31.0,23.0,26.6,34.6,23.0,27.6,21.6,75.3,0.0,0.0,0.0
96,2021-03-01,1614537000,34.0,22.0,27.1,35.3,22.0,28.1,21.1,72.4,0.0,0.0,0.0
97,2021-03-02,1614623400,33.0,23.0,27.4,33.9,23.0,27.9,20.4,68.8,0.0,0.0,0.0
98,2021-03-03,1614709800,33.0,22.0,26.9,33.3,22.0,27.2,19.1,67.0,0.0,0.0,0.0
99,2021-03-04,1614796200,31.0,22.0,26.6,31.6,22.0,26.9,19.3,66.7,0.0,0.0,0.0
100,2021-03-05,1614882600,32.0,22.0,27.0,33.3,22.0,27.5,19.6,66.6,0.0,0.0,0.0
101,2021-03-06,1614969000,31.0,22.0,27.1,34.6,22.0,28.7,21.6,73.1,0.0,0.0,0.0
102,2021-03-07,1615055400,33.0,24.0,28.0,36.3,24.0,30.0,22.3,72.8,0.0,0.0,0.0
103,2021-03-08,1615141800,32.0,24.0,28.0,36.3,24.0,30.1,22.1,71.9,0.0,0.0,0.0
104,2021-03-09,1615228200,32.0,25.0,28.3,35.4,25.0,30.5,22.4,71.4,0.0,0.0,0.0
105,2021-03-10,1615314600,32.0,24.0,28.2,37.0,24.0,31.1,23.0,74.3,0.0,0.0,0.0
106,2021-03-11,1615401000,32.3,24.0,28.1,37.1,24.0,30.4,22.3,71.5,0.0,0.0,0.0
107,2021-03-12,1615487400,31.3,23.0,27.2,33.9,23.0,28.2,20.8,69.9,0.0,0.0,0.0
108,2021-03-13,1615573800,32.0,22.0,27.3,34.2,22.0,28.3,20.6,69.2,0.0,0.0,0.0
109,2021-03-14,1615660200,35.0,23.0,28.0,34.1,23.0,28.9,19.8,64.9,0.0,0.0,0.0
110,2021-03-15,1615746600,33.0,23.0,28.0,34.0,23.0,29.3,21.1,69.1,0.0,0.0,0.0
111,2021-03-16,1615833000,32.0,24.0,27.5,35.4,24.0,29.4,22.5,75.4,0.0,0.0,0.0
112,2021-03-17,1615919400,31.2,23.0,27.2,35.3,23.0,29.1,22.1,74.8,0.0,0.0,0.0
113,2021-03-18,1616005800,32.1,24.0,27.7,33.8,24.0,28.8,20.6,67.1,0.0,0.0,0.0
114,2021-03-19,1616092200,31.3,23.0,27.3,34.1,23.0,28.8,21.0,69.2,0.0,0.0,0.0
115,2021-03-20,1616178600,32.0,23.0,27.5,36.8,23.0,29.5,22.1,73.7,0.0,0.0,0.0
116,2021-03-21,1616265000,33.0,23.0,28.2,35.8,23.0,30.0,21.7,69.9,0.0,0.0,0.0
117,2021-03-22,1616351400,33.0,25.0,28.6,35.6,25.0,30.8,21.9,68.3,0.0,0.0,0.0
118,2021-03-23,1616437800,32.1,24.0,28.3,36.0,24.0,30.7,22.3,71.1,0.0,0.0,0.0
119,2021-03-24,1616524200,33.6,24.0,28.5,37.2,24.0,30.6,22.2,70.6,0.0,0.0,0.0
120,2021-03-25,1616610600,33.2,25.0,28.8,36.0,25.0,31.1,22.6,71.1,0.0,0.0,0.0
121,2021-03-26,1616697000,34.0,25.0,28.8,39.1,25.0,31.6,23.3,73.8,0.0,0.0,0.0
122,2021-03-27,1616783400,34.0,25.0,29.1,40.6,25.0,32.2,23.3,71.9,0.0,0.0,0.0
123,2021-03-28,1616869800,35.0,25.0,29.1,40.2,25.0,32.8,23.7,73.9,0.0,0.0,0.0
124,2021-03-29,1616956200,35.0,26.0,29.7,40.4,26.0,34.2,24.3,74.5,0.0,0.0,0.0
125,2021-03-30,1617042600,38.0,26.0,30.8,43.1,26.0,35.5,23.6,68.1,0.0,0.0,0.0
126,2021-03-31,1617129000,38.0,27.0,30.8,46.3,30.1,36.8,24.8,72.3,0.0,0.0,0.0
127,2021-04-01,1617215400,39.0,27.0,31.3,46.8,30.1,37.6,24.6,69.7,0.0,0.0,0.0
128,2021-04-02,1617301800,41.0,28.0,32.4,41.7,31.9,36.6,22.3,59.5,0.0,0.0,0.0
129,2021-04-03,1617388200,38.0,27.0,30.9,44.7,30.1,37.1,24.7,71.0,0.0,0.0,0.0
130,2021-04-04,1617474600,35.0,28.0,30.2,45.7,32.7,37.0,25.5,76.4,0.0,0.0,0.0
131,2021-04-05,1617561000,33.0,28.0,29.9,42.1,31.9,35.6,24.8,74.9,0.0,0.0,0.0
132,2021-04-06,1617647400,33.2,26.0,29.2,38.9,26.0,32.8,23.6,72.9,0.0,0.0,0.0
133,2021-04-07,1617733800,33.0,25.0,29.0,38.1,25.0,32.2,23.2,72.0,0.0,0.0,0.0
134,2021-04-08,1617820200,33.0,25.8,28.7,36.9,25.8,30.9,22.3,69.6,0.0,0.0,0.0
135,2021-04-09,1617906600,32.4,25.7,28.7,35.9,25.7,30.6,21.6,66.8,0.0,0.0,0.0
136,2021-04-10,1617993000,32.3,25.7,28.9,38.1,25.7,31.9,22.7,69.9,0.0,0.0,0.0
137,2021-04-11,1618079400,33.0,26.6,29.2,38.5,26.6,32.9,23.3,71.6,0.0,0.0,0.0
138,2021-04-12,1618165800,32.6,26.4,29.0,39.6,26.4,32.9,23.5,72.6,0.0,0.0,0.0
139,2021-04-13,1618252200,32.4,27.3,29.3,39.0,30.6,33.7,23.7,72.1,0.0,0.0,0.0
140,2021-04-14,1618338600,34.0,25.5,28.7,40.5,25.5,32.8,24.0,76.3,0.1,100.0,8.33
141,2021-04-15,1618425000,30.6,24.6,27.7,35.2,24.6,30.5,23.1,76.7,24.965,100.0,8.33
142,2021-04-16,1618511400,33.0,25.0,29.0,39.7,25.0,32.7,23.8,74.3,0.0,0.0,0.0
143,2021-04-17,1618597800,34.4,27.4,30.2,41.6,30.8,35.1,24.1,71.2,0.0,0.0,0.0
144,2021-04-18,1618684200,34.1,27.1,30.3,40.8,30.9,35.6,24.3,71.9,0.0,0.0,0.0
145,2021-04-19,1618770600,34.1,27.8,30.4,44.3,31.5,36.7,25.1,74.1,0.0,0.0,0.0
146,2021-04-20,1618857000,34.7,28.1,30.6,42.6,32.9,36.7,24.9,72.6,0.0,0.0,0.0
147,2021-04-21,1618943400,33.8,28.1,30.3,41.9,33.1,36.5,25.0,74.3,0.0,0.0,0.0
148,2021-04-22,1619029800,34.2,28.0,30.3,43.4,32.7,36.3,24.8,73.3,0.0,0.0,0.0
149,2021-04-23,1619116200,34.3,28.0,30.5,39.9,32.7,35.5,23.9,69.2,0.0,0.0,0.0
150,2021-04-24,1619202600,33.9,28.3,30.4,44.1,33.3,36.4,24.8,72.7,0.0,0.0,0.0
151,2021-04-25,1619289000,33.5,28.3,30.2,42.0,33.3,36.3,24.8,73.2,0.0,0.0,0.0
152,2021-04-26,1619375400,33.0,28.0,30.1,40.6,31.9,35.4,24.2,71.0,0.0,0.0,0.0
153,2021-04-27,1619461800,34.0,28.0,30.4,42.3,31.9,36.0,24.3,70.4,0.0,0.0,0.0
154,2021-04-28,1619548200,34.8,28.3,30.8,43.4,33.2,36.6,24.5,70.7,0.0,0.0,0.0
155,2021-04-29,1619634600,34.8,28.3,30.9,42.4,33.2,36.3,24.2,68.5,0.0,0.0,0.0
156,2021-04-30,1619721000,33.7,28.4,30.6,42.7,33.5,36.8,24.8,72.0,0.0,0.0,0.0
157,2021-05-01,1619807400,33.8,27.7,30.7,43.1,31.4,36.6,24.6,70.5,0.0,0.0,0.0
158,2021-05-02,1619893800,34.1,27.7,30.7,41.6,31.4,36.1,24.1,68.7,0.0,0.0,0.0
159,2021-05-03,1619980200,33.9,28.2,30.7,41.4,32.7,36.1,24.1,68.5,0.0,0.0,0.0
160,2021-05-04,1620066600,33.7,27.1,30.7,40.8,30.3,36.0,23.9,67.9,0.0,0.0,0.0
161,2021-05-05,1620153000,34.0,27.0,30.6,43.6,30.6,35.9,24.1,69.1,0.0,0.0,0.0
162,2021-05-06,1620239400,34.1,27.9,30.7,41.6,31.7,36.2,24.2,68.6,0.0,0.0,0.0
163,2021-05-07,1620325800,34.0,28.6,30.9,41.7,33.8,36.5,24.2,68.1,0.0,0.0,0.0
164,2021-05-08,1620412200,33.6,28.5,30.6,41.5,32.8,35.8,23.9,67.9,0.0,0.0,0.0
165,2021-05-09,1620498600,33.7,27.8,30.7,41.7,31.7,36.0,23.9,67.8,0.0,0.0,0.0
166,2021-05-10,1620585000,33.9,28.5,30.8,42.0,32.7,36.4,24.2,68.1,0.0,0.0,0.0
167,2021-05-11,1620671400,35.7,27.7,31.4,43.0,31.5,37.3,24.3,67.3,0.0,0.0,0.0
168,2021-05-12,1620757800,34.8,28.5,31.2,44.8,33.6,38.0,25.0,70.7,0.0,0.0,0.0
169,2021-05-13,1620844200,34.7,29.0,31.0,44.4,34.5,38.0,25.3,72.1,0.0,0.0,0.0
170,2021-05-14,1620930600,35.0,28.4,31.0,44.6,33.5,37.7,25.1,71.4,0.0,0.0,0.0
171,2021-05-15,1621017000,33.9,29.1,30.9,40.2,31.5,35.9,23.5,65.4,0.0,0.0,0.0
172,2021-05-16,1621103400,34.1,28.4,30.5,41.1,31.2,35.8,24.0,69.3,0.0,0.0,0.0
173,2021-05-17,1621189800,34.7,29.0,31.0,41.1,33.6,36.9,24.4,69.3,0.0,0.0,0.0
174,2021-05-18,1621276200,34.9,28.9,31.1,43.1,33.5,37.5,24.8,70.4,0.0,0.0,0.0
175,2021-05-19,1621362600,34.2,28.1,30.8,46.4,32.1,37.7,25.2,72.7,0.0,0.0,0.0
176,2021-05-20,1621449000,35.0,24.5,29.4,42.3,24.5,32.6,23.2,70.6,8.066,100.0,4.17
177,2021-05-21,1621535400,33.8,23.8,27.7,42.3,23.8,30.0,23.5,79.2,8.759,100.0,4.17
178,2021-05-22,1621621800,31.6,25.6,28.6,37.7,25.6,32.0,23.7,75.5,0.0,0.0,0.0
179,2021-05-23,1621708200,33.4,27.0,30.0,40.3,29.2,34.9,23.9,70.4,0.0,0.0,0.0
180,2021-05-24,1621794600,34.7,28.4,31.4,42.3,33.5,37.2,24.3,67.1,0.0,0.0,0.0
181,2021-05-25,1621881000,36.9,27.5,31.9,43.3,30.8,36.6,22.9,59.8,0.0,0.0,0.0
182,2021-05-26,1621967400,38.8,27.0,32.3,44.2,28.8,36.3,22.0,56.2,0.0,0.0,0.0
183,2021-05-27,1622053800,37.5,29.0,32.0,41.1,31.3,35.3,21.4,55.2,0.0,0.0,0.0
184,2021-05-28,1622140200,36.1,27.0,30.6,41.0,28.8,33.5,21.3,59.1,0.0,0.0,0.0
185,2021-05-29,1622226600,37.5,26.9,30.7,44.0,28.4,33.9,21.5,59.0,0.0,0.0,0.0
186,2021-05-30,1622313000,36.7,26.0,30.6,42.8,26.0,33.5,21.2,58.1,0.0,0.0,0.0
187,2021-05-31,1622399400,37.4,23.0,29.3,45.7,23.0,32.2,21.9,66.0,1.259,100.0,8.33
188,2021-06-01,1622485800,36.4,25.0,30.0,43.8,25.0,32.9,21.7,62.5,0.0,0.0,0.0
189,2021-06-02,1622572200,37.0,26.0,30.5,47.6,26.0,35.8,24.0,69.0,0.0,0.0,0.0
190,2021-06-03,1622658600,36.0,29.0,31.4,42.0,34.5,38.3,25.2,71.2,0.0,0.0,0.0
191,2021-06-04,1622745000,34.5,28.0,30.8,45.3,32.7,37.6,25.3,73.5,0.0,0.0,0.0
192,2021-06-05,1622831400,34.6,28.0,30.6,43.1,31.9,36.7,24.8,72.1,0.0,0.0,0.0
193,2021-06-06,1622917800,34.4,26.0,30.1,41.6,26.0,34.4,23.4,68.4,0.0,0.0,0.0
194,2021-06-07,1623004200,37.0,24.7,31.3,44.9,24.7,37.3,24.5,69.1,43.344,100.0,8.33
195,2021-06-08,1623090600,37.0,27.0,31.3,48.1,30.6,38.7,25.6,73.6,11.002,100.0,4.17
196,2021-06-09,1623177000,38.0,28.0,32.3,44.5,31.9,38.2,24.0,63.2,0.879,100.0,8.33
197,2021-06-10,1623263400,36.2,29.8,32.5,41.1,31.9,38.1,23.4,60.3,0.2,100.0,4.17
198,2021-06-11,1623349800,35.0,29.0,31.8,39.5,33.3,36.0,22.5,58.7,0.759,100.0,4.17
199,2021-06-12,1623436200,38.0,28.0,31.9,43.3,31.9,36.8,23.3,62.3,1.166,100.0,8.33
200,2021-06-13,1623522600,37.0,27.0,31.8,43.2,29.9,35.9,22.7,60.3,0.7,100.0,4.17
201,2021-06-14,1623609000,35.0,29.0,31.7,40.2,32.0,35.6,22.1,57.5,0.241,100.0,4.17
202,2021-06-15,1623695400,38.0,28.0,32.4,43.3,30.7,37.4,23.0,59.0,0.0,0.0,0.0
203,2021-06-16,1623781800,38.0,29.4,33.2,43.3,33.3,37.5,22.3,53.8,0.0,0.0,0.0
204,2021-06-17,1623868200,37.0,29.9,32.7,42.2,32.6,37.9,23.0,57.8,0.0,0.0,0.0
205,2021-06-18,1623954600,36.0,29.0,32.2,42.8,32.0,36.8,22.8,58.7,0.0,0.0,0.0
206,2021-06-19,1624041000,38.0,27.9,32.1,44.5,31.4,36.8,22.9,60.0,12.14,100.0,4.17
207,2021-06-20,1624127400,39.0,28.9,33.0,44.9,31.4,37.7,22.6,55.8,0.0,0.0,0.0
208,2021-06-21,1624213800,40.0,28.1,32.8,47.1,33.3,38.4,23.5,60.2,0.5,100.0,4.17
209,2021-06-22,1624300200,37.0,27.0,31.2,44.6,30.1,36.6,24.2,68.3,0.0,0.0,0.0
210,2021-06-23,1624386600,38.0,29.0,32.4,47.1,34.3,39.2,24.7,64.9,0.0,0.0,0.0
211,2021-06-24,1624473000,36.0,26.0,30.7,43.1,26.0,35.9,24.1,69.6,0.0,0.0,0.0
212,2021-06-25,1624559400,37.0,28.8,32.4,43.6,32.6,37.4,23.2,60.3,0.0,0.0,0.0
213,2021-06-26,1624645800,34.0,29.0,31.3,39.8,32.6,36.0,23.1,62.9,0.0,0.0,0.0
214,2021-06-27,1624732200,34.1,28.0,30.2,42.6,30.7,34.9,23.5,67.7,0.0,0.0,0.0
215,2021-06-28,1624818600,35.0,25.0,28.8,41.9,25.0,33.1,24.9,80.8,30.868,100.0,12.5
216,2021-06-29,1624905000,35.0,27.8,30.9,42.0,33.3,37.3,25.1,72.4,0.0,0.0,0.0
217,2021-06-30,1624991400,37.0,28.0,31.5,48.7,33.5,40.2,26.3,74.5,0.0,0.0,0.0
218,2021-07-01,1625077800,37.0,27.0,30.9,47.0,30.0,38.1,25.2,72.5,0.0,0.0,0.0
219,2021-07-02,1625164200,37.0,25.0,30.1,46.0,25.0,35.1,24.4,72.9,6.93,100.0,4.17
220,2021-07-03,1625250600,35.0,25.5,29.8,43.4,25.5,35.1,25.0,76.2,0.0,0.0,0.0
221,2021-07-04,1625337000,34.0,28.0,30.5,43.5,31.9,37.4,25.3,74.3,0.0,0.0,0.0
222,2021-07-05,1625423400,36.0,26.4,30.9,44.7,26.4,36.6,24.3,69.1,0.024,100.0,4.17
223,2021-07-06,1625509800,37.0,27.9,31.2,46.7,31.3,38.3,25.2,71.0,0.0,0.0,0.0
224,2021-07-07,1625596200,36.0,28.9,31.7,46.3,32.7,38.9,25.1,69.2,0.0,0.0,0.0
225,2021-07-08,1625682600,36.0,25.0,30.5,44.7,25.0,36.0,24.5,71.7,31.0,100.0,4.17
226,2021-07-09,1625769000,34.0,24.3,28.6,42.0,24.3,32.5,24.6,80.0,34.156,100.0,16.67
227,2021-07-10,1625855400,33.0,25.3,29.6,40.6,25.3,34.1,24.4,74.7,3.035,100.0,4.17
228,2021-07-11,1625941800,33.2,26.0,29.9,39.3,26.0,34.0,23.3,69.1,0.569,100.0,8.33
229,2021-07-12,1626028200,33.1,27.7,30.3,38.9,30.7,35.0,23.6,68.1,0.0,0.0,0.0
230,2021-07-13,1626114600,34.0,28.3,30.3,40.6,32.0,35.1,23.6,68.1,2.759,100.0,4.17
231,2021-07-14,1626201000,34.0,25.7,29.9,42.0,25.7,34.1,23.7,70.4,2.689,100.0,4.17
232,2021-07-15,1626287400,32.0,25.6,28.6,39.2,25.6,32.0,24.3,78.1,8.276,100.0,12.5
233,2021-07-16,1626373800,35.0,25.0,29.5,42.8,25.0,34.5,25.1,78.3,45.536,100.0,16.67
234,2021-07-17,1626460200,33.0,25.3,28.4,43.2,25.3,32.5,25.1,82.9,70.8,100.0,8.33
235,2021-07-18,1626546600,33.0,25.9,28.8,40.6,25.9,33.3,24.8,79.7,2.276,100.0,4.17
236,2021-07-19,1626633000,35.0,25.1,30.4,41.9,25.1,35.3,24.2,71.4,9.114,100.0,12.5
237,2021-07-20,1626719400,36.0,25.6,29.9,43.2,25.6,33.5,24.0,72.7,14.416,100.0,8.33
238,2021-07-21,1626805800,33.0,26.4,29.4,39.3,26.4,33.9,24.1,74.1,9.435,100.0,16.67
239,2021-07-22,1626892200,33.0,27.0,29.4,38.5,29.8,33.3,23.2,70.1,1.93,100.0,4.17
240,2021-07-23,1626978600,35.0,27.0,30.3,41.9,29.6,34.9,23.5,67.4,0.483,100.0,4.17
241,2021-07-24,1627065000,36.0,27.8,31.7,43.9,30.8,37.6,23.9,64.4,0.0,0.0,0.0
242,2021-07-25,1627151400,36.0,27.6,32.2,44.4,31.0,38.8,24.6,65.8,0.0,0.0,0.0
243,2021-07-26,1627237800,36.0,25.4,31.2,44.3,25.4,36.9,24.3,68.0,0.607,100.0,4.17
244,2021-07-27,1627324200,36.0,26.3,31.1,43.5,26.3,37.0,24.6,69.8,12.622,100.0,8.33
245,2021-07-28,1627410600,36.0,28.0,31.6,40.9,30.7,36.9,23.6,63.4,0.0,0.0,0.0
246,2021-07-29,1627497000,36.0,29.0,31.8,43.1,31.4,36.3,22.7,59.3,2.0,100.0,4.17
247,2021-07-30,1627583400,35.0,29.3,32.1,42.2,32.6,36.6,22.6,57.7,1.0,100.0,4.17
248,2021-07-31,1627669800,36.0,26.0,31.6,40.8,26.0,35.5,22.8,61.4,11.0,100.0,4.17
249,2021-08-01,1627756200,35.0,26.0,30.3,41.9,26.0,35.1,23.9,70.0,9.105,100.0,4.17
250,2021-08-02,1627842600,36.0,28.9,31.5,42.6,31.4,36.7,23.4,63.4,0.241,100.0,4.17
251,2021-08-03,1627929000,36.0,28.9,31.9,42.5,32.7,37.9,24.3,65.8,0.0,0.0,0.0
252,2021-08-04,1628015400,36.0,28.4,32.1,43.1,32.0,37.5,23.7,62.7,0.6,100.0,4.17
253,2021-08-05,1628101800,36.0,27.0,32.2,43.5,30.1,37.5,23.5,61.1,1.0,100.0,4.17
254,2021-08-06,1628188200,37.0,27.0,31.2,45.0,30.1,37.3,24.6,69.6,1.689,100.0,4.17
255,2021-08-07,1628274600,36.4,27.8,31.5,47.0,31.9,38.4,25.0,69.3,0.0,0.0,0.0
256,2021-08-08,1628361000,36.0,28.8,31.8,44.7,34.1,39.4,25.4,69.8,0.0,0.0,0.0
257,2021-08-09,1628447400,37.0,28.9,32.0,49.5,33.6,40.4,26.0,71.4,0.0,0.0,0.0
258,2021-08-10,1628533800,35.0,23.2,30.2,43.4,23.2,35.4,24.6,73.7,35.171,100.0,8.33
259,2021-08-11,1628620200,37.0,27.9,31.6,47.1,32.7,39.0,25.4,70.9,8.546,100.0,8.33
260,2021-08-12,1628706600,34.0,28.0,30.9,42.0,31.9,36.7,24.3,68.6,0.0,0.0,0.0
261,2021-08-13,1628793000,35.0,28.0,30.9,44.6,30.7,36.0,23.7,66.5,0.0,0.0,0.0
262,2021-08-14,1628879400,34.0,28.0,31.0,41.9,31.3,36.3,23.8,66.5,0.0,0.0,0.0
263,2021-08-15,1628965800,32.2,27.8,30.0,39.6,31.3,33.9,22.8,65.9,0.0,0.0,0.0
264,2021-08-16,1629052200,33.0,27.6,30.0,38.1,32.7,35.0,24.1,71.6,0.728,100.0,12.5
265,2021-08-17,1629138600,33.0,24.0,28.9,39.5,24.0,33.7,25.0,80.4,15.331,100.0,4.17
266,2021-08-18,1629225000,35.0,26.6,30.3,42.4,26.6,36.0,24.7,73.1,0.0,0.0,0.0
267,2021-08-19,1629311400,33.0,27.8,30.3,40.6,31.1,35.5,24.1,69.9,0.0,0.0,0.0
268,2021-08-20,1629397800,33.0,25.3,29.2,41.5,25.3,34.0,24.9,78.4,13.035,100.0,8.33
269,2021-08-21,1629484200,32.0,27.9,29.4,38.3,31.9,35.0,24.9,77.4,55.388,100.0,4.17
270,2021-08-22,1629570600,34.0,26.2,29.9,40.6,26.2,35.1,24.5,73.7,0.0,0.0,0.0
271,2021-08-23,1629657000,33.0,25.7,28.6,40.8,25.7,32.8,24.2,77.9,0.0,0.0,0.0
272,2021-08-24,1629743400,35.0,26.7,30.3,42.9,29.8,36.2,24.9,74.0,0.0,0.0,0.0
273,2021-08-25,1629829800,36.0,26.0,30.9,42.2,26.0,36.4,24.3,69.6,0.938,100.0,4.17
274,2021-08-26,1629916200,35.0,26.8,29.7,43.7,29.6,35.2,24.8,75.8,0.724,100.0,4.17
275,2021-08-27,1630002600,35.0,24.8,28.4,43.3,24.8,32.1,24.5,81.0,6.973,100.0,8.33
276,2021-08-28,1630089000,33.4,24.6,28.5,41.1,24.6,31.9,24.5,80.4,43.725,100.0,16.67
277,2021-08-29,1630175400,32.0,25.1,27.8,37.9,25.1,31.0,24.7,84.3,30.402,100.0,12.5
278,2021-08-30,1630261800,33.0,25.6,29.4,39.0,25.6,33.6,23.9,73.3,4.035,100.0,8.33
279,2021-08-31,1630348200,35.0,26.0,29.7,43.3,26.0,34.4,24.3,74.0,0.303,100.0,4.17
280,2021-09-01,1630434600,34.0,27.7,29.6,43.5,31.8,35.8,25.4,78.7,0.0,0.0,0.0
281,2021-09-02,1630521000,30.0,27.0,28.6,36.6,30.1,33.6,25.0,81.1,0.048,100.0,4.17
282,2021-09-03,1630607400,32.0,25.8,28.9,39.2,25.8,33.6,24.6,78.1,0.621,100.0,4.17
283,2021-09-04,1630693800,32.0,25.8,28.3,37.9,25.8,32.0,24.3,79.7,3.38,100.0,12.5
284,2021-09-05,1630780200,34.0,25.0,28.1,40.6,25.0,30.5,24.0,79.4,5.79,100.0,4.17
285,2021-09-06,1630866600,33.0,25.0,28.1,38.3,25.0,30.7,23.6,77.6,26.692,100.0,4.17
286,2021-09-07,1630953000,35.0,25.7,30.4,41.0,25.7,35.1,23.8,69.4,0.0,0.0,0.0
287,2021-09-08,1631039400,35.0,27.7,30.7,41.9,30.8,36.3,24.3,69.9,0.0,0.0,0.0
288,2021-09-09,1631125800,36.0,27.4,31.2,44.2,30.7,37.1,24.3,68.0,0.0,0.0,0.0
289,2021-09-10,1631212200,35.0,27.7,31.2,42.7,31.9,37.1,24.5,68.6,4.152,100.0,8.33
290,2021-09-11,1631298600,36.0,28.0,31.6,44.7,33.6,38.9,25.3,70.7,0.0,0.0,0.0
291,2021-09-12,1631385000,34.0,29.0,31.2,41.6,32.7,37.3,24.4,67.8,0.0,0.0,0.0
292,2021-09-13,1631471400,35.0,28.0,31.3,44.0,30.7,37.2,24.3,67.4,0.0,0.0,0.0
293,2021-09-14,1631557800,37.0,28.0,31.9,45.8,31.3,38.5,24.7,67.1,0.0,0.0,0.0
294,2021-09-15,1631644200,36.0,28.8,31.7,45.7,34.5,38.9,25.2,69.8,0.0,0.0,0.0
295,2021-09-16,1631730600,36.0,27.0,30.8,46.2,30.1,37.7,25.3,72.9,0.0,0.0,0.0
296,2021-09-17,1631817000,36.0,27.1,30.7,45.1,29.5,37.8,25.5,74.7,2.171,100.0,4.17
297,2021-09-18,1631903400,35.0,26.7,30.2,44.2,29.6,36.3,24.7,73.0,0.228,100.0,4.17
298,2021-09-19,1631989800,36.0,26.7,30.5,46.1,29.2,37.0,24.8,72.2,0.0,0.0,0.0
299,2021-09-20,1632076200,36.0,25.9,30.3,45.2,25.9,35.2,24.2,70.9,0.0,0.0,0.0
300,2021-09-21,1632162600,36.0,26.0,29.8,44.0,26.0,35.5,24.9,75.9,0.241,100.0,4.17
301,2021-09-22,1632249000,34.0,24.4,28.8,40.6,24.4,33.1,24.7,79.7,71.821,100.0,16.67
302,2021-09-23,1632335400,33.0,27.0,29.7,39.6,29.6,35.6,25.1,76.7,0.0,0.0,0.0
303,2021-09-24,1632421800,34.0,27.0,29.8,43.3,31.2,36.3,25.6,78.7,0.0,0.0,0.0
304,2021-09-25,1632508200,35.0,27.0,30.4,43.3,31.2,36.5,25.0,74.1,0.0,0.0,0.0
305,2021-09-26,1632594600,32.0,25.7,28.8,40.6,25.7,33.3,25.1,81.2,11.076,100.0,8.33
306,2021-09-27,1632681000,33.1,27.0,30.1,40.0,30.1,35.3,24.2,71.7,0.0,0.0,0.0
307,2021-09-28,1632767400,34.6,27.0,30.5,42.0,29.6,35.2,23.5,67.3,0.0,0.0,0.0
308,2021-09-29,1632853800,34.0,27.0,29.8,42.0,29.2,34.3,23.6,70.4,0.0,0.0,0.0
309,2021-09-30,1632940200,33.0,26.9,29.0,42.9,30.1,35.0,25.5,81.7,5.242,100.0,12.5
310,2021-10-01,1633026600,34.0,27.5,30.1,43.5,32.4,37.2,26.0,79.2,3.794,100.0,4.17
311,2021-10-02,1633113000,34.0,27.0,30.2,43.0,31.2,36.8,25.5,77.2,1.0,100.0,8.33
312,2021-10-03,1633199400,33.0,27.0,29.6,43.7,30.6,36.0,25.5,79.3,3.062,100.0,8.33
313,2021-10-04,1633285800,34.0,27.0,30.0,43.5,31.1,36.6,25.7,78.8,0.0,0.0,0.0
314,2021-10-05,1633372200,29.0,25.0,26.6,35.6,25.0,28.6,25.3,92.8,44.689,100.0,25.0
315,2021-10-06,1633458600,33.0,25.7,28.7,42.1,25.7,33.3,25.4,83.3,8.346,100.0,4.17
316,2021-10-07,1633545000,34.0,26.2,29.7,43.8,26.2,36.3,26.0,81.1,29.657,100.0,8.33
317,2021-10-08,1633631400,33.0,27.3,29.5,39.3,30.1,35.2,25.0,77.2,0.0,0.0,0.0
318,2021-10-09,1633717800,35.0,26.7,30.2,41.9,26.7,35.2,24.3,71.9,7.587,100.0,4.17
319,2021-10-10,1633804200,34.0,26.4,29.1,42.0,26.4,34.1,24.9,79.0,21.483,100.0,4.17
320,2021-10-11,1633890600,33.4,26.5,29.2,44.0,26.5,34.5,25.2,79.7,0.531,100.0,4.17
321,2021-10-12,1633977000,35.0,26.6,29.3,41.1,26.6,33.5,24.0,74.1,0.121,100.0,4.17
322,2021-10-13,1634063400,35.0,25.7,28.6,42.1,25.7,31.7,24.0,77.4,3.607,100.0,8.33
323,2021-10-14,1634149800,35.0,25.8,29.8,43.5,25.8,35.4,25.4,78.3,0.0,0.0,0.0
324,2021-10-15,1634236200,35.0,27.0,29.5,43.3,30.1,35.0,24.8,76.7,0.228,100.0,4.17
325,2021-10-16,1634322600,32.2,27.4,29.4,41.1,31.7,35.8,25.7,81.0,0.0,0.0,0.0
326,2021-10-17,1634409000,34.0,26.1,29.9,43.5,26.1,35.8,24.9,75.5,0.379,100.0,4.17
327,2021-10-18,1634495400,34.0,27.7,30.2,42.1,32.1,36.4,25.0,74.7,0.0,0.0,0.0
328,2021-10-19,1634581800,36.0,27.0,30.4,44.7,29.6,37.6,25.7,76.8,2.895,100.0,4.17
329,2021-10-20,1634668200,34.0,27.8,30.2,42.2,31.9,37.2,25.8,78.0,0.0,0.0,0.0
330,2021-10-21,1634754600,34.0,26.8,29.8,42.0,30.1,35.9,25.4,78.0,0.0,0.0,0.0
331,2021-10-22,1634841000,33.0,26.4,29.9,40.6,26.4,35.6,25.0,75.8,2.276,100.0,4.17
332,2021-10-23,1634927400,34.0,27.0,30.0,42.0,31.2,36.3,25.4,77.5,0.0,0.0,0.0
333,2021-10-24,1635013800,33.0,26.0,28.4,39.3,26.0,32.9,25.0,82.8,10.759,100.0,4.17
334,2021-10-25,1635100200,33.0,25.2,28.7,39.3,25.2,32.5,24.4,78.6,9.105,100.0,4.17
335,2021-10-26,1635186600,32.0,26.0,28.7,38.1,26.0,32.6,24.2,77.3,2.654,100.0,4.17
336,2021-10-27,1635273000,33.0,26.0,29.0,38.8,26.0,33.1,24.0,75.1,0.0,0.0,0.0
337,2021-10-28,1635359400,29.0,26.5,27.5,33.7,26.5,30.9,23.7,79.7,1.614,100.0,4.17
338,2021-10-29,1635445800,30.0,25.0,26.7,37.4,25.0,28.7,24.7,89.3,17.759,100.0,12.5
339,2021-10-30,1635532200,31.0,24.8,27.5,37.7,24.8,31.0,25.0,86.8,39.004,100.0,20.83
340,2021-10-31,1635618600,32.0,25.7,28.0,40.6,25.7,32.0,25.4,86.6,18.483,100.0,16.67
341,2021-11-01,1635705000,30.0,25.7,26.9,37.4,25.7,28.9,25.1,90.0,35.443,100.0,20.83
342,2021-11-02,1635791400,29.0,25.0,26.7,34.5,25.0,28.7,25.1,91.3,32.93,100.0,20.83
343,2021-11-03,1635877800,30.0,24.8,26.9,35.1,24.8,29.2,25.0,89.9,24.418,100.0,12.5
344,2021-11-04,1635964200,28.0,24.9,25.9,32.7,24.9,26.7,24.5,91.9,25.808,100.0,16.67
345,2021-11-05,1636050600,31.0,24.6,27.3,37.7,24.6,30.3,24.7,86.0,33.0,100.0,4.17
346,2021-11-06,1636137000,28.2,24.9,25.9,34.4,24.9,26.8,24.7,93.4,32.934,100.0,16.67
347,2021-11-07,1636223400,26.0,24.5,25.3,26.0,24.5,25.3,24.6,95.7,253.604,100.0,29.17
348,2021-11-08,1636309800,27.0,23.6,25.4,30.6,23.6,25.6,24.2,93.1,41.518,100.0,29.17
349,2021-11-09,1636396200,27.0,24.4,25.5,30.1,24.4,25.6,23.7,89.7,37.073,100.0,16.67
350,2021-11-10,1636482600,26.0,22.6,23.7,26.0,22.6,23.7,22.4,92.2,72.347,100.0,29.17
351,2021-11-11,1636569000,27.0,22.3,24.0,30.6,22.3,24.2,23.0,94.2,218.15,100.0,25.0
352,2021-11-12,1636655400,31.0,23.5,26.6,37.7,23.5,29.1,23.9,85.7,0.0,0.0,0.0
353,2021-11-13,1636741800,30.0,24.9,27.6,36.2,24.9,30.9,24.6,83.9,1.517,100.0,4.17
354,2021-11-14,1636828200,31.0,25.4,28.1,38.1,25.4,32.1,25.3,85.7,0.0,0.0,0.0
355,2021-11-15,1636914600,28.0,25.8,26.9,33.4,25.8,29.3,25.2,90.5,0.294,100.0,12.5
356,2021-11-16,1637001000,31.0,25.0,28.0,37.7,25.0,31.4,24.9,84.3,0.0,0.0,0.0
357,2021-11-17,1637087400,31.0,25.0,27.1,39.1,25.0,29.9,25.4,90.7,15.673,100.0,16.67
358,2021-11-18,1637173800,28.0,25.0,26.6,33.6,25.0,29.1,25.5,93.7,55.965,100.0,25.0
359,2021-11-19,1637260200,28.0,25.7,26.6,33.6,25.7,28.5,24.8,90.1,11.174,100.0,12.5
360,2021-11-20,1637346600,29.0,25.4,27.0,35.6,25.4,29.6,25.0,89.0,12.344,100.0,12.5
361,2021-11-21,1637433000,31.0,24.4,27.7,38.2,24.4,31.2,24.8,85.1,0.379,100.0,4.17
362,2021-11-22,1637519400,31.0,25.0,27.5,37.7,25.0,31.0,25.3,88.2,27.554,100.0,12.5
363,2021-11-23,1637605800,32.0,25.6,28.5,39.2,25.6,32.6,25.1,83.0,3.035,100.0,4.17
364,2021-11-24,1637692200,32.0,25.4,28.4,37.9,25.4,32.4,25.0,82.6,0.0,0.0,0.0
365,2021-11-25,1637778600,31.0,24.4,27.9,38.2,24.4,32.5,25.3,85.9,50.206,100.0,20.83
366,2021-11-26,1637865000,28.0,25.4,26.3,33.6,25.4,27.8,25.7,96.6,83.28,100.0,29.17
367,2021-11-27,1637951400,29.0,23.8,25.9,35.6,23.8,27.2,24.7,93.2,110.002,100.0,25.0
368,2021-11-28,1638037800,29.0,23.0,25.6,35.6,23.0,26.6,24.5,94.0,33.615,100.0,20.83
369,2021-11-29,1638124200,28.0,24.6,26.0,34.5,24.6,27.2,25.0,94.7,14.93,100.0,16.67
370,2021-11-30,1638210600,31.0,25.6,28.0,40.6,25.6,32.6,26.0,89.3,0.828,100.0,8.33
371,2021-12-01,1638297000,31.0,25.7,27.9,37.7,25.7,31.3,24.8,84.1,0.0,0.0,0.0
372,2021-12-02,1638383400,31.0,25.0,27.7,33.7,25.0,29.5,22.9,76.6,0.0,0.0,0.0
373,2021-12-03,1638469800,31.2,24.0,27.4,36.4,24.0,29.6,23.8,82.0,0.0,0.0,0.0
374,2021-12-04,1638556200,32.0,23.7,27.6,42.4,23.7,29.8,22.9,77.4,0.0,0.0,0.0
375,2021-12-05,1638642600,33.0,24.4,28.2,40.6,24.4,32.1,24.8,83.3,0.0,0.0,0.0
376,2021-12-06,1638729000,32.0,26.1,28.2,39.1,26.1,33.2,25.8,87.3,1.517,100.0,4.17
377,2021-12-07,1638815400,32.0,25.0,27.9,36.8,25.0,30.9,24.7,84.0,0.0,0.0,0.0
378,2021-12-08,1638901800,32.0,25.3,28.2,37.9,25.3,32.4,25.3,85.2,0.0,0.0,0.0
379,2021-12-09,1638988200,31.7,25.8,28.4,37.6,25.8,32.2,24.6,80.6,1.517,100.0,4.17
380,2021-12-10,1639074600,31.0,25.2,27.9,37.3,25.2,30.9,24.3,81.9,0.0,0.0,0.0
381,2021-12-11,1639161000,30.7,25.6,28.1,36.3,25.6,31.5,24.6,82.1,3.724,100.0,8.33
382,2021-12-12,1639247400,31.4,25.2,27.7,38.4,25.2,30.6,24.8,85.0,17.852,100.0,16.67
383,2021-12-13,1639333800,31.1,25.7,28.1,38.2,25.7,31.9,24.7,82.1,2.348,100.0,8.33
384,2021-12-14,1639420200,29.9,25.6,27.7,35.3,25.6,30.1,23.3,77.5,0.0,0.0,0.0
385,2021-12-15,1639506600,29.8,26.2,27.8,33.0,26.2,29.4,21.8,70.7,0.0,0.0,0.0
386,2021-12-16,1639593000,30.6,24.2,27.1,32.6,24.2,28.1,21.3,72.0,0.0,0.0,0.0
387,2021-12-17,1639679400,29.9,23.6,26.6,32.4,23.6,27.7,21.3,73.6,0.0,0.0,0.0
388,2021-12-18,1639765800,30.0,22.9,26.5,32.4,22.9,27.3,21.0,73.0,0.0,0.0,0.0
389,2021-12-19,1639852200,30.5,22.0,26.1,31.4,22.0,26.6,19.6,68.6,0.0,0.0,0.0
390,2021-12-20,1639938600,31.1,22.0,26.4,34.7,22.0,27.6,21.7,77.1,0.0,0.0,0.0
391,2021-12-21,1640025000,31.8,22.9,27.1,35.6,22.9,28.4,22.1,75.5,0.0,0.0,0.0
392,2021-12-22,1640111400,30.3,22.3,26.0,31.6,22.3,26.6,20.4,72.9,0.0,0.0,0.0
393,2021-12-23,1640197800,29.7,20.7,25.2,31.0,20.7,25.4,19.1,71.0,0.0,0.0,0.0
394,2021-12-24,1640284200,30.9,21.4,25.9,32.9,21.4,26.6,20.4,72.9,0.0,0.0,0.0
395,2021-12-25,1640370600,29.2,21.7,25.8,31.6,21.7,26.6,20.8,75.4,0.0,0.0,0.0
396,2021-12-26,1640457000,29.5,22.1,26.0,31.2,22.1,26.6,21.2,76.1,0.0,0.0,0.0
397,2021-12-27,1640543400,30.2,22.6,26.6,32.8,22.6,27.5,21.7,75.6,0.0,0.0,0.0
398,2021-12-28,1640629800,30.0,24.2,26.6,34.1,24.2,28.2,23.5,83.3,0.731,100.0,4.17
399,2021-12-29,1640716200,31.1,23.7,27.0,35.6,23.7,28.5,22.6,77.8,0.0,0.0,0.0
400,2021-12-30,1640802600,29.6,23.8,25.8,34.0,23.8,26.8,23.7,88.4,181.902,100.0,16.67
401,2021-12-31,1640889000,29.0,25.2,26.6,34.6,25.2,28.2,24.6,88.7,46.591,100.0,12.5
402,2022-01-01,1640975400,29.2,25.5,27.1,36.7,25.5,29.5,25.1,88.8,39.968,100.0,8.33
403,2022-01-02,1641061800,30.1,24.6,27.2,34.3,24.6,29.3,23.6,81.5,0.0,0.0,0.0
404,2022-01-03,1641148200,29.3,24.2,26.7,33.7,24.2,27.8,22.3,77.8,0.0,0.0,0.0
405,2022-01-04,1641234600,29.2,23.5,26.1,30.5,23.5,26.7,20.8,74.0,0.0,0.0,0.0
406,2022-01-05,1641321000,28.3,22.7,25.9,31.3,22.7,26.9,22.0,79.5,0.0,0.0,0.0
407,2022-01-06,1641407400,29.1,22.8,26.2,32.6,22.8,27.5,22.5,81.2,0.0,0.0,0.0
408,2022-01-07,1641493800,30.3,23.8,26.8,36.8,23.8,29.5,23.9,84.7,0.0,0.0,0.0
409,2022-01-08,1641580200,32.0,23.5,27.9,39.8,23.5,31.6,24.8,84.2,0.0,0.0,0.0
410,2022-01-09,1641666600,31.0,24.8,27.6,40.6,24.8,30.9,25.1,86.9,0.0,0.0,0.0
411,2022-01-10,1641753000,31.7,23.5,27.8,41.8,23.5,31.7,25.0,85.6,0.0,0.0,0.0
412,2022-01-11,1641839400,31.6,24.6,27.8,38.6,24.6,30.6,24.5,83.4,0.0,0.0,0.0
413,2022-01-12,1641925800,30.0,24.4,27.4,37.1,24.4,30.3,23.9,81.7,0.0,0.0,0.0
414,2022-01-13,1642012200,30.2,25.1,27.9,36.2,25.1,31.3,24.6,82.9,0.0,0.0,0.0
415,2022-01-14,1642098600,30.2,25.3,27.7,37.2,25.3,31.3,24.8,84.4,2.276,100.0,4.17
416,2022-01-15,1642185000,30.1,24.8,27.5,37.1,24.8,30.6,24.6,84.6,0.0,0.0,0.0
417,2022-01-16,1642271400,30.3,25.5,27.7,36.7,25.5,30.6,24.1,81.0,0.0,0.0,0.0
418,2022-01-17,1642357800,26.6,23.6,25.2,26.6,23.6,25.2,22.9,87.2,33.244,100.0,20.83
419,2022-01-18,1642444200,30.2,22.6,26.2,35.4,22.6,27.6,22.5,80.7,0.0,0.0,0.0
420,2022-01-19,1642530600,30.7,22.9,26.4,35.1,22.9,27.5,21.5,75.8,0.0,0.0,0.0
421,2022-01-20,1642617000,30.7,21.9,26.3,34.2,21.9,27.5,21.4,75.6,0.0,0.0,0.0
422,2022-01-21,1642703400,31.0,22.4,26.6,37.5,22.4,28.2,22.5,78.8,0.0,0.0,0.0
423,2022-01-22,1642789800,31.3,24.0,26.9,38.2,24.0,29.5,24.2,85.7,0.0,0.0,0.0
424,2022-01-23,1642876200,31.4,24.8,27.5,38.3,24.8,30.6,24.7,85.4,0.0,0.0,0.0
425,2022-01-24,1642962600,28.8,24.7,26.4,33.0,24.7,27.7,23.8,85.8,4.343,100.0,4.17
426,2022-01-25,1643049000,29.7,24.3,26.7,35.7,24.3,28.9,23.7,84.2,0.0,0.0,0.0
427,2022-01-26,1643135400,29.2,24.0,26.8,32.6,24.0,28.7,23.4,82.1,0.097,100.0,4.17
428,2022-01-27,1643221800,30.1,23.7,26.9,33.7,23.7,28.8,22.7,78.2,0.0,0.0,0.0
429,2022-01-28,1643308200,29.5,25.3,27.1,33.5,25.3,28.7,22.5,76.1,0.1,100.0,4.17
430,2022-01-29,1643394600,29.6,25.1,26.8,32.9,25.1,28.1,22.9,79.3,0.0,0.0,0.0
431,2022-01-30,1643481000,29.6,24.1,26.8,34.6,24.1,28.3,23.0,79.8,0.0,0.0,0.0
432,2022-01-31,1643567400,30.9,23.9,26.9,37.6,23.9,29.0,22.9,79.1,0.0,0.0,0.0
433,2022-02-01,1643653800,30.4,23.1,26.5,34.3,23.1,28.0,22.2,77.9,0.0,0.0,0.0
434,2022-02-02,1643740200,29.6,23.0,26.3,35.4,23.0,27.4,21.4,75.4,0.0,0.0,0.0
435,2022-02-03,1643826600,30.3,22.0,26.1,33.7,22.0,27.1,21.3,75.4,0.0,0.0,0.0
436,2022-02-04,1643913000,31.3,23.4,27.1,38.2,23.4,29.2,22.9,78.5,0.0,0.0,0.0
437,2022-02-05,1643999400,30.3,24.1,27.1,35.6,24.1,29.8,24.0,83.4,0.0,0.0,0.0
438,2022-02-06,1644085800,30.1,24.6,27.2,33.9,24.6,29.2,23.0,78.2,0.0,0.0,0.0
439,2022-02-07,1644172200,30.8,24.9,27.3,34.4,24.9,28.5,22.2,74.6,0.0,0.0,0.0
440,2022-02-08,1644258600,30.8,23.1,26.8,33.5,23.1,27.7,20.8,70.9,0.0,0.0,0.0
441,2022-02-09,1644345000,30.0,24.0,26.9,33.3,24.0,27.9,21.2,71.3,0.0,0.0,0.0
442,2022-02-10,1644431400,30.1,22.4,26.8,33.5,22.4,28.0,21.2,72.2,0.0,0.0,0.0
443,2022-02-11,1644517800,29.9,23.9,26.9,33.8,23.9,28.7,22.2,76.3,0.0,0.0,0.0
444,2022-02-12,1644604200,30.5,24.2,27.1,35.8,24.2,28.8,22.2,74.9,0.0,0.0,0.0
445,2022-02-13,1644690600,29.8,23.5,26.5,33.6,23.5,27.9,22.0,76.5,0.0,0.0,0.0
446,2022-02-14,1644777000,29.5,24.9,26.8,33.1,24.9,28.1,22.1,75.9,0.0,0.0,0.0
447,2022-02-15,1644863400,30.3,24.1,26.5,32.9,24.1,27.1,20.7,70.9,0.0,0.0,0.0
448,2022-02-16,1644949800,30.0,24.0,26.2,33.2,24.0,26.9,21.0,73.4,0.0,0.0,0.0
449,2022-02-17,1645036200,30.5,23.6,26.7,33.7,23.6,27.8,21.3,73.2,0.0,0.0,0.0
450,2022-02-18,1645122600,31.1,24.6,27.1,35.6,24.6,28.8,21.9,73.2,0.0,0.0,0.0
451,2022-02-19,1645209000,30.7,24.3,27.3,34.3,24.3,29.0,22.4,75.3,0.0,0.0,0.0
452,2022-02-20,1645295400,31.4,23.6,27.3,36.9,23.6,29.2,22.6,76.5,0.0,0.0,0.0
453,2022-02-21,1645381800,33.0,24.2,27.9,41.9,24.2,31.1,24.0,80.1,0.0,0.0,0.0
454,2022-02-22,1645468200,31.9,25.1,27.7,37.2,25.1,30.9,24.5,83.2,0.0,0.0,0.0
455,2022-02-23,1645554600,31.5,25.7,27.9,37.3,25.7,30.7,23.2,76.2,0.0,0.0,0.0
456,2022-02-24,1645641000,31.1,24.6,27.3,34.9,24.6,29.0,22.4,74.9,0.0,0.0,0.0
457,2022-02-25,1645727400,31.0,24.1,27.0,34.2,24.1,28.2,21.5,72.4,0.0,0.0,0.0
458,2022-02-26,1645813800,31.4,24.7,27.5,37.1,24.7,29.8,22.3,73.8,0.0,0.0,0.0
459,2022-02-27,1645900200,32.0,24.3,28.1,36.6,24.3,30.2,22.3,71.8,0.0,0.0,0.0
460,2022-02-28,1645986600,31.2,24.6,27.3,35.8,24.6,29.6,22.8,76.7,0.0,0.0,0.0
461,2022-03-01,1646073000,34.1,24.3,28.1,37.7,24.3,29.4,20.9,69.4,0.0,0.0,0.0
462,2022-03-02,1646159400,32.9,23.6,27.7,38.0,23.6,29.7,22.4,74.0,0.0,0.0,0.0
463,2022-03-03,1646245800,32.3,24.5,27.9,38.7,24.5,30.6,23.6,78.4,0.0,0.0,0.0
464,2022-03-04,1646332200,32.4,24.9,28.3,38.6,24.9,31.0,22.9,73.9,0.0,0.0,0.0
465,2022-03-05,1646418600,32.0,25.5,28.4,36.7,25.5,30.8,22.5,71.2,0.0,0.0,0.0
466,2022-03-06,1646505000,31.0,25.5,28.3,35.5,25.5,30.2,20.8,64.6,0.2,100.0,4.17
467,2022-03-07,1646591400,31.8,27.3,28.7,37.6,28.5,32.4,22.9,71.4,0.0,0.0,0.0
468,2022-03-08,1646677800,32.6,24.1,27.7,37.6,24.1,30.1,23.4,78.4,0.0,0.0,0.0
469,2022-03-09,1646764200,32.6,24.7,28.1,36.0,24.7,30.1,22.6,73.7,0.0,0.0,0.0
470,2022-03-10,1646850600,33.0,24.6,27.9,37.0,24.6,30.2,22.7,74.6,0.0,0.0,0.0
471,2022-03-11,1646937000,33.2,25.0,28.3,37.8,25.0,30.7,22.9,74.3,0.0,0.0,0.0
472,2022-03-12,1647023400,33.3,24.7,28.3,38.0,24.7,29.9,22.1,71.4,0.0,0.0,0.0
473,2022-03-13,1647109800,34.4,25.1,28.9,37.0,25.1,30.8,21.9,68.0,0.0,0.0,0.0
474,2022-03-14,1647196200,34.8,24.7,28.9,39.3,24.7,31.4,22.5,70.1,0.0,0.0,0.0
475,2022-03-15,1647282600,33.8,25.4,28.9,38.1,25.4,31.4,22.7,71.1,0.0,0.0,0.0
476,2022-03-16,1647369000,34.7,24.6,28.8,42.9,24.6,31.5,22.6,70.7,0.0,0.0,0.0
477,2022-03-17,1647455400,34.0,24.9,28.9,39.4,24.9,31.5,22.5,69.3,0.0,0.0,0.0
478,2022-03-18,1647541800,33.8,25.5,28.7,45.0,25.5,33.0,24.6,79.0,0.0,0.0,0.0
479,2022-03-19,1647628200,32.3,26.1,28.6,42.8,26.1,34.3,26.1,86.5,0.0,0.0,0.0
480,2022-03-20,1647714600,33.5,27.3,29.3,42.9,32.3,36.8,26.7,86.2,0.0,0.0,0.0
481,2022-03-21,1647801000,36.2,27.4,30.9,50.4,33.0,40.3,27.2,81.7,0.0,0.0,0.0
482,2022-03-22,1647887400,36.0,28.2,31.0,47.0,32.3,39.1,26.2,76.8,0.0,0.0,0.0
483,2022-03-23,1647973800,33.7,28.4,30.2,49.0,34.5,40.0,27.6,85.9,0.0,0.0,0.0
484,2022-03-24,1648060200,31.6,27.8,29.2,41.7,33.9,37.2,26.9,88.2,0.0,0.0,0.0
485,2022-03-25,1648146600,33.5,27.2,29.6,46.5,31.7,37.7,26.9,85.6,0.0,0.0,0.0
486,2022-03-26,1648233000,32.7,27.4,29.5,45.2,32.3,37.3,26.6,84.8,0.0,0.0,0.0
487,2022-03-27,1648319400,33.8,27.6,29.7,45.1,33.4,37.8,26.9,85.5,0.0,0.0,0.0
488,2022-03-28,1648405800,35.0,27.3,29.5,48.7,32.5,37.1,26.8,86.1,0.0,0.0,0.0
489,2022-03-29,1648492200,35.5,27.4,29.7,49.5,33.0,37.9,26.9,85.7,0.0,0.0,0.0
490,2022-03-30,1648578600,35.4,28.0,30.1,49.3,34.8,39.1,27.2,85.2,0.0,0.0,0.0
491,2022-03-31,1648665000,35.4,27.9,30.3,48.5,33.7,38.7,26.8,82.2,0.0,0.0,0.0
492,2022-04-01,1648751400,34.3,27.8,30.0,45.1,34.0,38.2,26.7,83.2,0.0,0.0,0.0
493,2022-04-02,1648837800,34.3,27.3,29.7,47.7,32.3,37.6,26.7,84.6,0.0,0.0,0.0
494,2022-04-03,1648924200,34.2,27.1,29.7,45.5,31.5,37.2,26.5,83.6,0.0,0.0,0.0
495,2022-04-04,1649010600,33.6,27.4,29.8,46.7,32.2,37.9,26.7,83.9,0.0,0.0,0.0
496,2022-04-05,1649097000,34.3,27.5,29.8,47.5,32.5,37.3,26.3,81.8,0.0,0.0,0.0
497,2022-04-06,1649183400,34.0,26.8,30.0,45.3,30.7,37.4,26.2,80.7,0.0,0.0,0.0
498,2022-04-07,1649269800,34.0,27.8,30.0,44.5,33.6,37.9,26.4,81.3,0.0,0.0,0.0
499,2022-04-08,1649356200,34.3,27.5,30.1,42.3,32.4,37.3,26.0,79.9,0.0,0.0,0.0
500,2022-04-09,1649442600,34.0,28.1,30.1,45.3,34.2,38.2,26.6,82.1,0.0,0.0,0.0
501,2022-04-10,1649529000,35.0,28.0,30.0,46.7,34.5,38.2,26.7,82.8,0.0,0.0,0.0
502,2022-04-11,1649615400,33.0,28.2,30.0,43.8,33.9,38.1,26.6,82.3,0.0,0.0,0.0
503,2022-04-12,1649701800,33.0,27.5,30.0,44.2,32.6,38.5,26.9,83.9,0.0,0.0,0.0
504,2022-04-13,1649788200,32.6,27.7,30.0,46.4,33.3,39.0,27.2,85.3,0.0,0.0,0.0
505,2022-04-14,1649874600,34.8,27.5,30.6,50.7,33.2,39.4,26.9,81.6,0.0,0.0,0.0
506,2022-04-15,1649961000,36.0,28.2,30.8,52.5,34.1,40.5,27.2,81.7,0.0,0.0,0.0
507,2022-04-16,1650047400,35.4,28.8,30.9,50.8,36.5,41.6,27.7,83.7,0.0,0.0,0.0
508,2022-04-17,1650133800,34.2,28.4,30.5,47.6,33.5,39.2,26.7,80.7,0.0,0.0,0.0
509,2022-04-18,1650220200,34.7,28.0,30.9,49.8,32.7,40.4,27.0,80.3,0.0,0.0,0.0
510,2022-04-19,1650306600,34.1,27.5,30.7,49.6,32.5,40.4,27.3,82.5,0.0,0.0,0.0
511,2022-04-20,1650393000,35.0,28.5,30.9,50.8,36.0,41.5,27.7,83.6,0.0,0.0,0.0
512,2022-04-21,1650479400,34.5,28.6,30.6,47.8,34.5,39.4,26.7,80.3,0.0,0.0,0.0
513,2022-04-22,1650565800,33.8,27.8,30.3,44.1,33.0,38.0,26.2,79.5,0.0,0.0,0.0
514,2022-04-23,1650652200,35.0,27.3,29.9,44.9,32.1,38.0,26.8,84.0,0.0,0.0,0.0
515,2022-04-24,1650738600,35.2,27.7,30.5,49.0,33.8,39.4,26.9,81.8,0.0,0.0,0.0
516,2022-04-25,1650825000,35.1,27.8,30.5,46.8,33.4,39.1,26.8,81.5,0.0,0.0,0.0
517,2022-04-26,1650911400,37.1,28.1,31.3,50.3,34.8,40.4,26.9,78.7,0.0,0.0,0.0
518,2022-04-27,1650997800,36.6,28.1,30.5,53.3,34.7,40.0,27.3,83.7,0.0,0.0,0.0
519,2022-04-28,1651084200,35.8,28.0,30.8,47.9,34.3,39.8,26.9,80.5,0.0,0.0,0.0
520,2022-04-29,1651170600,36.0,28.4,30.8,52.5,35.4,41.6,27.9,85.3,0.0,0.0,0.0
521,2022-04-30,1651257000,38.0,28.4,31.0,55.3,36.1,42.3,28.2,85.7,0.0,0.0,0.0
522,2022-05-01,1651343400,36.6,28.7,31.2,58.2,37.5,43.8,28.8,87.8,0.0,0.0,0.0
523,2022-05-02,1651429800,37.7,27.5,31.2,48.8,31.0,39.8,26.1,75.2,0.0,0.0,0.0
524,2022-05-03,1651516200,35.2,28.6,31.4,53.8,37.1,44.1,28.6,85.7,0.0,0.0,0.0
525,2022-05-04,1651602600,35.0,28.8,30.9,53.6,36.4,42.4,28.2,86.1,0.0,0.0,0.0
526,2022-05-05,1651689000,34.7,27.8,30.7,49.9,33.1,40.5,27.3,82.6,0.0,0.0,0.0
527,2022-05-06,1651775400,35.0,28.9,30.7,50.7,37.5,42.6,28.6,88.9,0.0,0.0,0.0
528,2022-05-07,1651861800,35.8,27.5,30.9,50.8,31.7,40.9,27.2,81.1,0.0,0.0,0.0
529,2022-05-08,1651948200,34.5,28.7,30.8,52.2,36.9,42.2,28.1,85.8,0.0,0.0,0.0
530,2022-05-09,1652034600,33.2,28.6,30.6,44.1,33.9,39.9,27.0,81.6,0.0,0.0,0.0
531,2022-05-10,1652121000,31.3,26.0,28.7,49.7,26.0,34.9,25.7,84.5,27.78,100.0,16.67
532,2022-05-11,1652207400,35.2,27.1,30.1,53.9,30.6,39.3,27.1,84.6,3.18,100.0,4.17
533,2022-05-12,1652293800,31.0,25.0,27.8,39.8,25.0,31.1,24.6,83.9,5.759,100.0,8.33
534,2022-05-13,1652380200,34.8,25.2,28.8,46.5,25.2,34.6,26.3,87.3,0.455,100.0,4.17
535,2022-05-14,1652466600,34.3,26.9,29.4,47.7,30.9,37.3,26.9,87.1,0.121,100.0,4.17
536,2022-05-15,1652553000,33.6,27.0,29.2,48.0,31.8,37.5,27.3,90.1,0.145,100.0,4.17
537,2022-05-16,1652639400,32.5,26.6,28.8,45.7,26.6,35.9,26.8,89.1,0.0,0.0,0.0
538,2022-05-17,1652725800,32.5,26.8,29.1,46.0,30.8,37.7,27.6,92.0,0.0,0.0,0.0
539,2022-05-18,1652812200,31.7,27.5,29.1,41.8,33.3,37.6,27.6,91.9,0.0,0.0,0.0
540,2022-05-19,1652898600,33.9,27.2,30.0,41.8,32.5,37.2,26.2,81.5,0.0,0.0,0.0
541,2022-05-20,1652985000,34.3,26.9,30.0,42.1,30.0,35.9,24.8,74.9,2.0,100.0,4.17
542,2022-05-21,1653071400,35.0,27.0,30.8,41.5,30.6,35.9,24.0,68.7,0.379,100.0,4.17
543,2022-05-22,1653157800,35.3,28.5,31.2,45.2,31.7,37.4,24.4,67.6,0.0,0.0,0.0
544,2022-05-23,1653244200,36.2,27.8,31.5,47.7,31.7,38.8,25.3,70.5,0.0,0.0,0.0
545,2022-05-24,1653330600,36.8,28.9,31.6,49.0,36.4,41.3,27.0,77.6,0.0,0.0,0.0
546,2022-05-25,1653417000,36.1,28.8,30.9,50.3,35.2,39.9,26.7,79.1,0.0,0.0,0.0
547,2022-05-26,1653503400,35.4,27.7,30.1,49.4,32.1,38.1,26.3,80.8,0.0,0.0,0.0
548,2022-05-27,1653589800,35.4,27.2,30.4,43.3,31.1,37.8,26.0,78.4,0.0,0.0,0.0
549,2022-05-28,1653676200,38.8,27.3,31.9,50.2,31.3,40.1,25.9,72.3,0.0,0.0,0.0
550,2022-05-29,1653762600,36.7,27.8,31.2,49.1,34.0,39.8,26.6,78.0,0.0,0.0,0.0
551,2022-05-30,1653849000,36.7,27.8,31.1,51.3,33.2,40.6,27.0,79.7,0.0,0.0,0.0
552,2022-05-31,1653935400,36.3,27.9,31.4,49.2,33.4,40.8,26.9,77.8,0.0,0.0,0.0
553,2022-06-01,1654021800,39.0,28.3,31.7,50.3,34.3,41.2,26.8,76.1,0.0,0.0,0.0
554,2022-06-02,1654108200,39.5,28.5,32.6,53.6,35.8,43.0,27.1,74.7,0.0,0.0,0.0
555,2022-06-03,1654194600,35.4,28.8,31.1,45.5,34.2,39.7,26.4,76.8,0.0,0.0,0.0
556,2022-06-04,1654281000,35.8,28.8,31.0,46.0,34.9,39.8,26.6,78.9,0.0,0.0,0.0
557,2022-06-05,1654367400,37.0,28.7,31.5,54.6,36.1,43.2,28.2,83.6,0.0,0.0,0.0
558,2022-06-06,1654453800,34.2,26.7,29.5,46.0,30.2,36.4,25.8,80.9,0.241,100.0,4.17
559,2022-06-07,1654540200,34.9,25.9,30.6,46.1,25.9,37.5,25.3,73.9,0.0,0.0,0.0
560,2022-06-08,1654626600,36.4,28.2,31.7,48.6,34.3,40.6,26.5,75.3,0.0,0.0,0.0
561,2022-06-09,1654713000,37.6,28.8,31.5,55.4,36.1,40.7,26.7,76.8,0.0,0.0,0.0
562,2022-06-10,1654799400,37.6,28.2,31.7,46.8,34.1,40.0,26.1,74.1,0.0,0.0,0.0
563,2022-06-11,1654885800,36.0,23.4,30.6,44.7,23.4,37.4,25.4,75.5,0.0,0.0,0.0
564,2022-06-12,1654972200,37.0,28.5,30.9,44.8,34.2,38.6,26.0,76.7,0.0,0.0,0.0
565,2022-06-13,1655058600,35.7,27.0,30.7,43.1,30.6,37.4,25.3,73.8,0.0,0.0,0.0
566,2022-06-14,1655145000,36.8,28.2,31.1,46.1,34.6,39.9,26.7,78.7,0.0,0.0,0.0
567,2022-06-15,1655231400,33.8,27.0,30.0,43.2,28.8,36.3,24.8,75.6,0.0,0.0,0.0
568,2022-06-16,1655317800,34.4,26.8,29.9,44.3,30.2,37.5,26.3,81.6,0.0,0.0,0.0
569,2022-06-17,1655404200,33.0,27.6,29.6,42.1,33.5,36.9,26.4,83.7,0.0,0.0,0.0
570,2022-06-18,1655490600,33.5,26.8,29.6,43.9,30.3,36.8,26.3,83.4,1.759,100.0,4.17
571,2022-06-19,1655577000,34.5,25.2,29.4,44.2,25.2,36.2,25.5,82.0,13.0,100.0,4.17
572,2022-06-20,1655663400,32.7,24.8,28.3,45.3,24.8,33.3,25.9,87.4,167.501,100.0,16.67
573,2022-06-21,1655749800,33.5,24.8,27.9,44.6,24.8,32.0,25.7,88.7,40.552,100.0,12.5
574,2022-06-22,1655836200,32.9,25.6,29.1,43.3,25.6,34.6,26.1,85.0,28.727,100.0,8.33
575,2022-06-23,1655922600,32.2,27.6,29.5,44.3,31.7,37.0,26.4,83.7,0.0,0.0,0.0
576,2022-06-24,1656009000,35.8,26.2,30.3,44.2,26.2,38.1,26.5,81.7,0.0,0.0,0.0
577,2022-06-25,1656095400,34.0,27.7,30.3,43.5,32.6,36.4,24.9,73.5,0.176,100.0,4.17
578,2022-06-26,1656181800,34.4,27.6,30.5,42.5,27.5,36.7,24.4,71.5,0.0,0.0,0.0
579,2022-06-27,1656268200,32.5,27.2,30.1,39.9,31.7,36.4,25.2,75.8,4.0,100.0,4.17
580,2022-06-28,1656354600,32.2,26.7,29.3,40.8,30.7,35.9,26.0,83.3,8.311,100.0,8.33
581,2022-06-29,1656441000,35.3,27.2,29.9,43.2,31.9,37.2,26.4,82.5,1.0,100.0,4.17
582,2022-06-30,1656527400,34.1,26.0,29.3,42.3,26.0,35.4,26.0,83.6,6.276,100.0,8.33
583,2022-07-01,1656613800,34.5,26.6,29.4,43.6,26.6,36.1,26.2,83.5,31.108,100.0,4.17
584,2022-07-02,1656700200,35.1,26.0,29.8,44.2,26.0,36.9,26.2,82.2,0.0,0.0,0.0
585,2022-07-03,1656786600,35.4,27.7,30.1,42.4,32.9,37.2,26.0,80.0,8.0,100.0,4.17
586,2022-07-04,1656873000,33.6,26.4,29.7,40.3,26.4,35.6,25.4,78.4,1.517,100.0,4.17
587,2022-07-05,1656959400,31.7,26.5,28.9,39.1,26.5,33.7,24.8,79.1,2.724,100.0,4.17
588,2022-07-06,1657045800,30.3,25.4,27.6,37.2,25.4,31.6,25.9,90.6,12.483,100.0,4.17
589,2022-07-07,1657132200,31.2,26.1,28.4,39.5,26.1,33.5,25.5,84.6,0.0,0.0,0.0
590,2022-07-08,1657218600,31.0,26.6,28.7,37.8,26.6,33.4,24.6,78.7,0.1,100.0,4.17
591,2022-07-09,1657305000,31.1,26.7,28.4,39.2,29.5,33.2,25.0,82.4,0.317,100.0,8.33
592,2022-07-10,1657391400,32.0,27.0,28.6,39.1,30.2,33.5,24.8,80.2,3.89,100.0,4.17
593,2022-07-11,1657477800,31.3,26.6,28.7,38.0,26.6,33.0,24.1,77.1,1.344,100.0,4.17
594,2022-07-12,1657564200,33.8,26.5,29.4,41.7,26.5,34.3,24.6,76.3,9.552,100.0,8.33
595,2022-07-13,1657650600,33.2,26.6,29.3,39.3,26.6,33.9,24.2,74.6,2.0,100.0,4.17
596,2022-07-14,1657737000,33.6,27.3,30.0,41.4,30.3,34.8,23.8,70.0,0.0,0.0,0.0
597,2022-07-15,1657823400,35.0,27.9,30.3,43.3,30.6,34.9,23.5,67.3,0.0,0.0,0.0
598,2022-07-16,1657909800,33.7,25.3,29.6,42.7,25.3,34.2,24.2,73.8,0.0,0.0,0.0
599,2022-07-17,1657996200,32.2,26.1,28.7,42.4,26.1,33.8,26.0,85.8,16.864,100.0,8.33
600,2022-07-18,1658082600,31.5,25.4,28.3,41.5,25.4,33.5,26.0,88.2,6.303,100.0,8.33
601,2022-07-19,1658169000,35.0,26.4,29.3,46.7,26.4,36.1,26.3,85.7,0.0,0.0,0.0
602,2022-07-20,1658255400,32.2,26.3,28.7,42.4,26.3,35.6,26.5,87.7,3.035,100.0,4.17
603,2022-07-21,1658341800,34.0,26.7,29.7,46.9,26.7,37.2,26.5,83.4,0.0,0.0,0.0
604,2022-07-22,1658428200,31.5,25.0,28.0,40.3,25.0,33.2,26.2,89.8,6.829,100.0,4.17
605,2022-07-23,1658514600,32.4,25.8,29.0,45.6,25.8,35.3,26.3,86.3,7.241,100.0,12.5
606,2022-07-24,1658601000,32.0,25.8,28.7,40.6,25.8,33.9,25.8,85.0,6.829,100.0,4.17
607,2022-07-25,1658687400,32.5,27.0,29.4,43.1,30.0,36.5,26.2,83.6,0.0,0.0,0.0
608,2022-07-26,1658773800,30.6,26.8,28.3,38.3,29.6,33.6,25.3,84.2,0.0,0.0,0.0
609,2022-07-27,1658860200,33.1,26.8,29.6,43.8,30.0,36.4,26.0,81.7,0.0,0.0,0.0
610,2022-07-28,1658946600,33.1,26.8,30.0,46.2,30.8,38.5,26.9,83.6,0.0,0.0,0.0
611,2022-07-29,1659033000,34.0,28.0,30.2,47.3,33.6,38.9,26.9,82.7,0.0,0.0,0.0
612,2022-07-30,1659119400,35.0,27.7,30.2,47.3,32.9,38.9,27.0,83.4,0.0,0.0,0.0
613,2022-07-31,1659205800,34.0,27.2,30.1,45.8,32.1,38.5,26.9,83.5,0.0,0.0,0.0
614,2022-08-01,1659292200,36.0,28.0,30.9,48.1,33.6,40.1,26.8,79.2,0.2,100.0,4.17
615,2022-08-02,1659378600,33.0,26.7,29.3,45.8,29.7,36.8,26.4,84.6,0.0,0.0,0.0
616,2022-08-03,1659465000,32.0,26.7,28.4,44.1,30.5,34.6,26.3,88.7,2.041,100.0,12.5
617,2022-08-04,1659551400,31.0,27.0,28.6,40.6,30.4,34.9,26.1,86.3,0.1,100.0,4.17
618,2022-08-05,1659637800,33.0,26.6,29.2,42.1,26.6,34.5,25.2,79.7,0.0,0.0,0.0
619,2022-08-06,1659724200,33.0,27.0,29.6,40.6,29.6,34.8,24.5,75.1,0.7,100.0,4.17
620,2022-08-07,1659810600,33.0,27.8,30.0,40.6,30.8,35.6,24.6,73.1,0.0,0.0,0.0
621,2022-08-08,1659897000,36.0,27.7,31.2,46.3,31.6,37.5,24.6,68.9,0.076,100.0,4.17
622,2022-08-09,1659983400,36.0,28.7,31.9,57.9,31.0,38.0,23.8,62.7,0.0,0.0,0.0
623,2022-08-10,1660069800,37.0,28.0,32.1,44.5,30.2,37.0,23.1,59.9,0.2,100.0,8.33
624,2022-08-11,1660156200,37.0,28.0,32.1,46.0,30.5,37.6,23.5,61.4,0.0,0.0,0.0
625,2022-08-12,1660242600,36.0,28.9,32.1,44.7,32.7,38.5,24.4,64.7,0.0,0.0,0.0
626,2022-08-13,1660329000,36.0,29.0,32.0,44.7,33.0,38.5,24.5,65.6,0.0,0.0,0.0
627,2022-08-14,1660415400,35.0,28.9,30.9,43.3,32.5,37.1,24.6,69.6,0.0,0.0,0.0
628,2022-08-15,1660501800,35.7,28.2,30.9,44.9,33.4,38.1,25.6,74.2,0.0,0.0,0.0
629,2022-08-16,1660588200,33.5,28.4,30.1,44.1,34.0,38.5,26.7,82.1,0.0,0.0,0.0
630,2022-08-17,1660674600,34.0,27.6,30.2,45.8,31.4,38.6,26.7,81.8,4.66,100.0,4.17
631,2022-08-18,1660761000,34.8,24.0,29.2,42.6,24.0,33.0,24.2,75.7,31.0,100.0,4.17
632,2022-08-19,1660847400,34.5,25.9,30.3,45.3,25.9,36.4,24.9,73.9,2.9,100.0,16.67
633,2022-08-20,1660933800,35.0,28.9,31.3,44.9,34.3,39.1,25.8,73.8,0.2,100.0,4.17
634,2022-08-21,1661020200,37.0,25.0,30.3,47.6,25.0,36.9,25.7,77.7,58.0,100.0,8.33
635,2022-08-22,1661106600,34.2,25.0,29.3,46.6,25.0,35.0,25.7,82.3,23.245,100.0,8.33
636,2022-08-23,1661193000,36.0,25.9,29.8,46.3,25.9,36.1,25.7,79.8,0.0,0.0,0.0
637,2022-08-24,1661279400,34.0,25.5,29.7,45.3,25.5,36.7,26.1,81.7,37.143,100.0,4.17
638,2022-08-25,1661365800,34.2,26.0,29.1,45.3,26.0,35.6,26.0,84.2,3.819,100.0,4.17
639,2022-08-26,1661452200,33.5,25.8,28.6,42.3,25.8,34.9,26.2,87.0,10.171,100.0,8.33
640,2022-08-27,1661538600,33.0,25.0,28.3,43.8,25.0,32.8,25.4,85.1,35.276,100.0,8.33
641,2022-08-28,1661625000,33.0,25.0,28.1,45.8,25.0,32.7,25.5,85.9,3.759,100.0,8.33
642,2022-08-29,1661711400,33.0,26.6,28.9,43.8,26.6,35.2,26.3,86.3,3.794,100.0,4.17
643,2022-08-30,1661797800,33.0,27.2,29.7,43.3,31.4,37.1,26.3,82.5,0.0,0.0,0.0
644,2022-08-31,1661884200,32.0,26.0,28.5,42.4,26.0,34.6,26.1,87.2,1.638,100.0,8.33
645,2022-09-01,1661970600,28.2,25.3,26.6,33.6,25.3,28.5,25.2,92.3,29.622,100.0,12.5
646,2022-09-02,1662057000,33.0,25.5,28.6,42.1,25.5,33.5,25.5,84.1,0.0,0.0,0.0
647,2022-09-03,1662143400,33.0,26.8,29.9,43.8,30.1,37.4,26.3,81.5,0.0,0.0,0.0
648,2022-09-04,1662229800,34.0,27.7,30.3,47.3,32.9,39.5,27.2,83.5,0.0,0.0,0.0
649,2022-09-05,1662316200,34.0,26.6,30.1,45.3,26.6,37.7,26.3,80.5,0.0,0.0,0.0
650,2022-09-06,1662402600,34.4,28.6,30.2,44.2,34.2,39.1,27.0,83.7,0.0,0.0,0.0
651,2022-09-07,1662489000,34.0,26.0,28.5,45.3,26.0,33.8,25.5,83.9,0.3,100.0,4.17
652,2022-09-08,1662575400,30.0,26.0,27.8,37.4,26.0,32.2,25.4,86.9,0.379,100.0,4.17
653,2022-09-09,1662661800,34.0,27.3,29.9,47.3,31.2,37.0,26.0,80.5,0.0,0.0,0.0
654,2022-09-10,1662748200,33.0,27.8,29.9,42.1,32.2,36.8,25.8,79.2,0.0,0.0,0.0
655,2022-09-11,1662834600,34.0,27.9,30.5,42.1,32.0,37.5,25.6,76.0,0.0,0.0,0.0
656,2022-09-12,1662921000,35.0,27.0,30.3,43.3,30.5,37.4,25.8,77.8,0.2,100.0,4.17
657,2022-09-13,1663007400,35.0,27.5,30.5,47.4,31.4,38.7,26.5,80.4,0.0,0.0,0.0
658,2022-09-14,1663093800,35.0,27.5,29.8,46.7,31.5,37.9,26.7,84.2,0.0,0.0,0.0
659,2022-09-15,1663180200,34.0,28.0,29.8,43.5,32.2,36.7,25.9,80.5,0.0,0.0,0.0
660,2022-09-16,1663266600,36.0,27.9,30.2,44.7,31.0,37.4,25.9,78.9,0.0,0.0,0.0
661,2022-09-17,1663353000,36.5,28.0,31.4,46.3,33.5,39.9,26.2,75.5,0.0,0.0,0.0
662,2022-09-18,1663439400,35.0,26.0,30.1,44.9,26.0,37.0,25.8,78.6,0.0,0.0,0.0
663,2022-09-19,1663525800,32.7,27.5,30.1,40.6,32.2,37.2,25.8,78.4,0.0,0.0,0.0
664,2022-09-20,1663612200,33.0,28.3,30.2,40.4,31.3,35.8,24.2,71.4,15.934,100.0,4.17
665,2022-09-21,1663698600,36.0,28.0,30.8,42.1,32.1,36.9,24.6,71.0,0.1,100.0,4.17
666,2022-09-22,1663785000,34.2,27.9,30.8,40.4,32.3,36.1,24.0,68.9,0.0,0.0,0.0
667,2022-09-23,1663871400,37.0,28.6,31.6,38.6,31.9,36.1,22.7,62.4,0.0,0.0,0.0
668,2022-09-24,1663957800,36.0,28.7,30.8,43.2,32.8,35.8,23.6,66.5,0.0,0.0,0.0
669,2022-09-25,1664044200,35.0,27.8,31.3,40.6,32.0,36.4,23.7,65.2,1.517,100.0,4.17
670,2022-09-26,1664130600,35.0,27.0,30.0,41.3,30.1,35.7,24.7,73.8,0.0,0.0,0.0
671,2022-09-27,1664217000,33.0,27.6,30.2,39.3,31.7,35.5,24.3,71.5,24.28,100.0,4.17
672,2022-09-28,1664303400,33.0,26.0,28.7,40.6,26.0,34.5,25.8,84.5,0.228,100.0,4.17
673,2022-09-29,1664389800,32.0,26.6,29.4,38.8,26.6,34.8,24.7,76.3,22.08,100.0,8.33
674,2022-09-30,1664476200,32.0,27.5,29.2,36.8,31.3,33.3,23.3,70.8,0.0,0.0,0.0
675,2022-10-01,1664562600,34.0,25.2,29.0,39.4,25.2,32.2,23.2,72.2,0.0,0.0,0.0
676,2022-10-02,1664649000,34.0,27.3,30.2,38.3,29.1,33.7,22.1,62.2,0.0,0.0,0.0
677,2022-10-03,1664735400,32.7,28.0,30.5,39.2,31.1,34.9,23.1,65.0,0.0,0.0,0.0
678,2022-10-04,1664821800,34.0,27.9,30.6,38.3,30.7,34.9,22.9,63.8,0.0,0.0,0.0
679,2022-10-05,1664908200,31.0,26.6,28.3,36.5,26.6,32.7,25.1,83.2,5.835,100.0,8.33
680,2022-10-06,1664994600,32.0,24.3,27.9,40.6,24.3,32.1,25.0,84.8,10.428,100.0,12.5
681,2022-10-07,1665081000,30.0,25.0,27.6,37.4,25.0,31.4,24.7,84.3,15.095,100.0,8.33
682,2022-10-08,1665167400,32.0,25.8,28.4,37.9,25.8,32.5,24.9,81.8,20.794,100.0,8.33
683,2022-10-09,1665253800,32.0,25.5,28.2,37.9,25.5,31.8,24.9,83.2,11.381,100.0,4.17
684,2022-10-10,1665340200,31.2,25.7,28.2,37.7,25.7,32.3,25.1,83.9,27.692,100.0,8.33
685,2022-10-11,1665426600,32.0,26.0,28.9,40.6,26.0,34.3,25.1,79.9,4.992,100.0,8.33
686,2022-10-12,1665513000,33.0,26.6,29.3,39.3,26.6,34.8,25.1,78.6,7.587,100.0,4.17
687,2022-10-13,1665599400,32.0,26.9,29.3,42.3,30.5,34.8,24.8,77.2,0.228,100.0,4.17
688,2022-10-14,1665685800,31.0,26.8,28.3,40.6,30.6,33.5,25.4,84.8,0.924,100.0,8.33
689,2022-10-15,1665772200,32.0,25.6,28.3,39.2,25.6,32.3,24.7,81.6,7.4,100.0,12.5
690,2022-10-16,1665858600,33.0,26.4,29.3,39.3,26.4,34.9,25.4,80.4,2.248,100.0,8.33
691,2022-10-17,1665945000,31.0,27.0,29.1,40.6,30.5,35.1,25.5,81.1,3.9,100.0,20.83
692,2022-10-18,1666031400,34.0,27.1,29.4,40.6,31.4,35.6,25.6,80.6,0.0,0.0,0.0
693,2022-10-19,1666117800,33.0,26.6,29.2,40.6,26.6,34.4,24.8,77.9,1.117,100.0,8.33
694,2022-10-20,1666204200,31.0,25.0,28.4,40.6,25.0,32.8,25.0,82.6,24.919,100.0,16.67
695,2022-10-21,1666290600,31.0,25.1,28.5,39.1,25.1,32.9,24.8,81.0,26.528,100.0,4.17
696,2022-10-22,1666377000,33.0,25.5,28.2,40.6,25.5,32.3,24.7,81.9,6.973,100.0,8.33
697,2022-10-23,1666463400,33.2,25.8,28.6,35.7,25.8,31.6,22.9,72.6,0.0,0.0,0.0
698,2022-10-24,1666549800,33.0,22.9,28.2,34.0,22.9,28.9,20.3,65.1,0.0,0.0,0.0
699,2022-10-25,1666636200,34.0,22.4,28.2,35.8,22.4,29.2,19.7,62.0,0.0,0.0,0.0
700,2022-10-26,1666722600,31.5,24.0,27.6,32.4,24.0,28.1,19.2,62.8,0.0,0.0,0.0
701,2022-10-27,1666809000,29.4,24.0,26.7,36.3,24.0,28.9,23.4,82.5,6.662,100.0,12.5
702,2022-10-28,1666895400,31.5,24.7,28.1,38.8,24.7,32.0,24.4,80.7,12.276,100.0,8.33
703,2022-10-29,1666981800,29.6,26.0,28.1,35.8,26.0,31.8,24.0,78.4,1.058,100.0,12.5
704,2022-10-30,1667068200,31.0,26.0,28.5,37.4,26.0,32.4,24.1,77.7,2.897,100.0,8.33
705,2022-10-31,1667154600,28.0,23.5,25.8,32.7,23.5,26.5,23.9,89.5,48.134,100.0,16.67
706,2022-11-01,1667241000,25.0,23.8,24.5,25.0,23.8,24.5,23.9,96.1,116.524,100.0,29.17
707,2022-11-02,1667327400,26.6,23.6,25.1,26.6,23.6,25.1,24.0,94.0,97.108,100.0,25.0
708,2022-11-03,1667413800,28.6,24.0,25.7,33.9,24.0,27.1,24.4,92.6,45.451,100.0,20.83
709,2022-11-04,1667500200,30.0,23.7,26.6,36.2,23.7,29.0,24.4,88.5,36.109,100.0,12.5
710,2022-11-05,1667586600,30.0,25.0,27.5,37.4,25.0,30.7,24.8,85.5,3.683,100.0,8.33
711,2022-11-06,1667673000,30.0,25.0,27.8,36.2,25.0,30.7,23.7,78.9,0.0,0.0,0.0
712,2022-11-07,1667759400,29.0,25.6,27.0,34.5,25.6,29.4,24.3,85.3,32.595,100.0,8.33
713,2022-11-08,1667845800,29.0,25.2,26.6,36.8,25.2,28.5,24.9,90.5,34.314,100.0,12.5
714,2022-11-09,1667932200,29.7,25.0,27.3,35.6,25.0,30.2,24.5,85.4,0.0,0.0,0.0
715,2022-11-10,1668018600,30.0,24.6,26.9,36.2,24.6,29.2,24.5,86.9,16.866,100.0,12.5
716,2022-11-11,1668105000,28.0,23.9,25.7,33.6,23.9,27.5,24.4,92.3,77.07,100.0,25.0
717,2022-11-12,1668191400,29.0,25.8,27.1,38.2,25.8,30.9,25.6,91.7,25.168,100.0,20.83
718,2022-11-13,1668277800,28.0,23.9,25.7,34.5,23.9,27.0,24.5,92.8,49.683,100.0,16.67
719,2022-11-14,1668364200,29.0,23.6,25.7,36.8,23.6,27.1,24.3,92.0,25.654,100.0,20.83
720,2022-11-15,1668450600,30.0,24.3,26.7,37.4,24.3,29.2,24.3,87.0,0.0,0.0,0.0
721,2022-11-16,1668537000,30.0,23.7,26.9,35.1,23.7,28.7,23.5,82.3,0.0,0.0,0.0
722,2022-11-17,1668623400,31.0,22.1,26.2,35.1,22.1,27.4,21.6,77.1,0.0,0.0,0.0
723,2022-11-18,1668709800,30.0,21.7,26.1,34.1,21.7,27.4,21.7,77.7,0.0,0.0,0.0
724,2022-11-19,1668796200,29.9,22.2,26.1,32.4,22.2,27.2,21.3,75.7,0.0,0.0,0.0
725,2022-11-20,1668882600,28.1,21.7,25.2,29.2,21.7,25.6,19.8,72.6,0.0,0.0,0.0
726,2022-11-21,1668969000,25.0,22.5,24.0,25.0,22.5,24.0,21.2,84.5,0.252,100.0,4.17
727,2022-11-22,1669055400,27.0,23.4,25.4,30.1,23.4,25.9,22.8,85.8,0.0,0.0,0.0
728,2022-11-23,1669141800,29.7,24.6,27.0,35.6,24.6,29.9,24.6,86.7,6.829,100.0,4.17
729,2022-11-24,1669228200,31.0,25.4,27.6,37.7,25.4,30.4,24.9,85.8,0.169,100.0,4.17
730,2022-11-25,1669314600,31.0,25.4,27.6,37.7,25.4,30.7,24.8,85.0,0.0,0.0,0.0
731,2022-11-26,1669401000,31.0,25.0,27.6,39.1,25.0,31.1,24.7,84.6,0.0,0.0,0.0
732,2022-11-27,1669487400,30.0,25.5,27.8,38.8,25.5,31.5,25.1,85.5,0.303,100.0,4.17
733,2022-11-28,1669573800,30.0,24.2,26.9,36.8,24.2,29.1,23.8,83.2,0.0,0.0,0.0
734,2022-11-29,1669660200,30.0,23.6,26.7,33.3,23.6,27.9,22.0,76.0,0.0,0.0,0.0
735,2022-11-30,1669746600,31.0,22.8,26.7,36.5,22.8,29.0,22.9,80.1,0.0,0.0,0.0
736,2022-12-01,1669833000,32.0,25.2,27.9,40.6,25.2,31.7,24.9,84.3,4.109,100.0,8.33
737,2022-12-02,1669919400,31.0,25.5,28.1,37.7,25.5,32.0,24.6,81.9,0.2,100.0,4.17
738,2022-12-03,1670005800,32.0,25.4,28.2,40.6,25.4,32.4,24.9,82.7,0.0,0.0,0.0
739,2022-12-04,1670092200,30.0,26.0,27.9,37.4,26.0,31.6,24.7,83.0,1.0,100.0,4.17
740,2022-12-05,1670178600,30.2,26.0,28.2,36.2,26.0,32.1,24.1,78.6,0.0,0.0,0.0
741,2022-12-06,1670265000,29.0,25.0,27.1,32.7,25.0,29.0,23.0,78.7,0.0,0.0,0.0
742,2022-12-07,1670351400,29.0,24.3,26.4,32.7,24.3,27.7,22.6,80.2,0.0,0.0,0.0
743,2022-12-08,1670437800,25.0,21.7,23.9,25.0,21.7,23.9,20.8,83.0,15.759,100.0,12.5
744,2022-12-09,1670524200,25.0,20.3,22.3,25.0,20.3,22.3,21.0,92.4,164.517,100.0,33.33
745,2022-12-10,1670610600,25.0,23.3,24.5,25.0,23.3,24.5,22.7,89.6,16.429,100.0,16.67
746,2022-12-11,1670697000,29.0,23.5,25.8,35.6,23.5,27.4,23.8,89.0,20.006,100.0,16.67
747,2022-12-12,1670783400,27.0,23.8,25.1,30.6,23.8,25.3,23.7,91.7,32.09,100.0,16.67
748,2022-12-13,1670869800,30.0,23.6,26.9,36.2,23.6,29.7,24.2,85.7,1.2,100.0,4.17
749,2022-12-14,1670956200,30.0,24.3,27.2,36.8,24.3,29.9,24.5,85.7,0.0,0.0,0.0
750,2022-12-15,1671042600,30.0,23.4,26.4,33.3,23.4,27.5,22.5,80.4,0.0,0.0,0.0
751,2022-12-16,1671129000,31.0,23.0,26.4,35.5,23.0,27.9,22.6,80.7,0.0,0.0,0.0
752,2022-12-17,1671215400,31.0,24.1,27.4,35.5,24.1,29.7,23.4,79.6,0.0,0.0,0.0
753,2022-12-18,1671301800,29.0,24.9,26.9,32.7,24.9,28.8,22.8,78.4,0.0,0.0,0.0
754,2022-12-19,1671388200,28.4,22.0,25.8,31.9,22.0,26.9,21.9,79.4,0.0,0.0,0.0
755,2022-12-20,1671474600,30.0,23.7,26.1,35.1,23.7,27.4,22.3,80.3,0.0,0.0,0.0
756,2022-12-21,1671561000,29.0,23.5,25.8,33.6,23.5,26.8,22.6,83.0,0.0,0.0,0.0
757,2022-12-22,1671647400,29.0,23.4,26.0,32.7,23.4,27.1,22.2,79.8,0.0,0.0,0.0
758,2022-12-23,1671733800,29.0,23.4,26.2,32.7,23.4,27.6,22.3,79.9,0.0,0.0,0.0
759,2022-12-24,1671820200,30.0,22.6,26.4,35.1,22.6,28.2,22.7,80.9,14.731,100.0,8.33
760,2022-12-25,1671906600,28.4,24.7,26.4,34.5,24.7,28.7,24.8,90.9,31.382,100.0,16.67
761,2022-12-26,1671993000,30.0,25.2,27.6,37.4,25.2,31.5,24.8,85.0,0.0,0.0,0.0
762,2022-12-27,1672079400,30.0,24.8,27.7,37.4,24.8,30.9,24.4,82.6,0.0,0.0,0.0
763,2022-12-28,1672165800,31.3,24.5,27.7,37.4,24.5,30.3,23.8,79.9,0.0,0.0,0.0
764,2022-12-29,1672252200,31.3,24.0,27.7,39.1,24.0,30.4,24.0,81.0,0.0,0.0,0.0
765,2022-12-30,1672338600,32.0,24.2,27.6,39.2,24.2,30.2,23.7,80.5,0.0,0.0,0.0
766,2022-12-31,1672425000,31.2,23.8,26.7,34.1,23.8,27.9,22.5,79.0,0.0,0.0,0.0
767,2023-01-01,1672511400,31.0,23.0,26.3,35.1,23.0,27.8,22.3,79.5,0.0,0.0,0.0
768,2023-01-02,1672597800,31.0,23.2,26.7,34.6,23.2,28.1,22.1,76.8,0.0,0.0,0.0
769,2023-01-03,1672684200,29.9,23.4,27.2,34.5,23.4,29.1,22.5,76.0,0.0,0.0,0.0
770,2023-01-04,1672770600,30.4,24.7,27.2,34.3,24.7,28.9,22.2,74.3,0.0,0.0,0.0
771,2023-01-05,1672857000,31.0,25.6,27.8,34.6,25.6,29.7,21.8,70.3,0.0,0.0,0.0
772,2023-01-06,1672943400,29.6,25.7,27.6,34.0,25.7,30.0,22.6,74.2,0.0,0.0,0.0
773,2023-01-07,1673029800,29.3,25.0,27.2,33.2,25.0,29.2,22.6,76.5,0.572,100.0,8.33
774,2023-01-08,1673116200,28.4,23.8,26.1,31.9,23.8,27.0,21.6,76.7,0.0,0.0,0.0
775,2023-01-09,1673202600,29.0,21.3,25.3,30.3,21.3,25.6,18.9,69.0,0.0,0.0,0.0
776,2023-01-10,1673289000,28.9,22.6,25.7,30.6,22.6,26.4,19.8,70.5,0.0,0.0,0.0
777,2023-01-11,1673375400,28.7,20.9,25.2,31.0,20.9,25.8,20.0,73.4,0.0,0.0,0.0
778,2023-01-12,1673461800,29.1,21.4,25.6,31.4,21.4,26.1,20.0,72.1,0.0,0.0,0.0
779,2023-01-13,1673548200,29.5,21.6,25.5,31.3,21.6,26.1,19.6,70.8,0.0,0.0,0.0
780,2023-01-14,1673634600,29.2,21.6,25.1,31.0,21.6,25.5,19.5,71.9,0.0,0.0,0.0
781,2023-01-15,1673721000,28.3,21.0,24.8,29.9,21.0,25.3,19.4,72.2,0.0,0.0,0.0
782,2023-01-16,1673807400,28.5,21.1,25.0,29.9,21.1,25.4,19.4,71.8,0.0,0.0,0.0
783,2023-01-17,1673893800,30.0,21.7,25.5,31.3,21.7,26.0,19.3,70.0,0.0,0.0,0.0
784,2023-01-18,1673980200,29.2,22.1,25.7,31.5,22.1,26.3,19.5,69.4,0.0,0.0,0.0
785,2023-01-19,1674066600,29.3,22.8,26.2,31.1,22.8,26.8,19.3,66.5,0.0,0.0,0.0
786,2023-01-20,1674153000,29.6,23.3,26.1,32.1,23.3,27.0,21.5,76.3,0.152,100.0,4.17
787,2023-01-21,1674239400,30.1,23.9,27.0,32.7,23.9,28.3,21.6,73.0,0.0,0.0,0.0
788,2023-01-22,1674325800,29.2,23.4,26.7,31.5,23.4,27.9,20.8,70.5,0.0,0.0,0.0
789,2023-01-23,1674412200,28.4,25.0,26.8,31.7,25.0,28.4,22.1,75.8,0.024,100.0,4.17
790,2023-01-24,1674498600,30.0,23.7,26.6,32.0,23.7,27.6,21.1,72.4,0.0,0.0,0.0
791,2023-01-25,1674585000,29.2,22.6,26.1,30.9,22.6,26.9,20.3,71.0,0.0,0.0,0.0
792,2023-01-26,1674671400,29.0,21.7,25.9,32.7,21.7,27.1,21.4,76.6,0.0,0.0,0.0
793,2023-01-27,1674757800,29.5,22.7,26.2,32.0,22.7,27.0,20.2,70.1,0.0,0.0,0.0
794,2023-01-28,1674844200,29.8,22.7,26.2,32.2,22.7,27.1,21.0,73.8,0.0,0.0,0.0
795,2023-01-29,1674930600,29.5,24.0,26.7,32.7,24.0,28.2,22.4,77.7,0.0,0.0,0.0
796,2023-01-30,1675017000,29.4,25.2,27.2,35.6,25.2,29.6,23.5,80.5,3.483,100.0,4.17
797,2023-01-31,1675103400,30.0,25.7,27.4,34.1,25.7,29.7,23.4,79.3,0.0,0.0,0.0
798,2023-02-01,1675189800,29.4,25.0,27.0,33.2,25.0,29.0,23.2,80.3,0.1,100.0,4.17
799,2023-02-02,1675276200,28.8,25.9,27.2,31.9,25.9,29.1,22.5,75.9,0.607,100.0,4.17
800,2023-02-03,1675362600,31.0,26.0,27.8,35.5,26.0,30.4,22.9,75.3,0.0,0.0,0.0
801,2023-02-04,1675449000,29.8,25.1,27.4,33.0,25.1,29.3,22.2,74.8,0.0,0.0,0.0
802,2023-02-05,1675535400,30.0,23.0,26.8,31.8,23.0,28.0,21.4,73.3,0.0,0.0,0.0
803,2023-02-06,1675621800,30.2,23.3,27.0,33.6,23.3,28.4,21.7,74.4,0.0,0.0,0.0
804,2023-02-07,1675708200,31.3,23.3,26.9,36.9,23.3,28.6,22.4,77.2,0.0,0.0,0.0
805,2023-02-08,1675794600,30.6,22.0,26.4,34.1,22.0,27.7,21.7,76.1,0.0,0.0,0.0
806,2023-02-09,1675881000,30.5,23.2,27.0,33.9,23.2,28.3,21.4,72.4,0.0,0.0,0.0
807,2023-02-10,1675967400,32.0,22.8,27.2,33.0,22.8,28.0,20.3,67.7,0.0,0.0,0.0
808,2023-02-11,1676053800,30.1,22.9,26.3,32.3,22.9,27.0,20.6,71.8,0.0,0.0,0.0
809,2023-02-12,1676140200,31.7,22.7,26.6,33.4,22.7,27.2,20.0,68.9,0.0,0.0,0.0
810,2023-02-13,1676226600,31.1,21.7,26.6,32.4,21.7,27.3,19.5,66.7,0.0,0.0,0.0
811,2023-02-14,1676313000,30.2,22.5,26.6,33.5,22.5,27.9,20.9,71.6,0.0,0.0,0.0
812,2023-02-15,1676399400,31.6,22.6,26.9,34.4,22.6,28.2,21.2,71.9,0.0,0.0,0.0
813,2023-02-16,1676485800,30.3,22.0,26.5,32.9,22.0,27.6,21.0,72.9,0.0,0.0,0.0
814,2023-02-17,1676572200,30.1,22.9,26.5,32.5,22.9,27.3,20.3,69.8,0.0,0.0,0.0
815,2023-02-18,1676658600,31.0,22.9,26.8,35.4,22.9,28.7,21.6,73.3,0.0,0.0,0.0
816,2023-02-19,1676745000,31.1,23.8,27.4,34.5,23.8,29.2,22.2,74.1,0.0,0.0,0.0
817,2023-02-20,1676831400,31.8,22.8,27.5,33.6,22.8,28.4,20.1,66.1,0.0,0.0,0.0
818,2023-02-21,1676917800,32.1,22.8,27.5,33.1,22.8,28.7,20.3,66.7,0.0,0.0,0.0
819,2023-02-22,1677004200,31.8,23.2,27.4,31.9,23.2,27.9,19.6,65.3,0.0,0.0,0.0
820,2023-02-23,1677090600,31.7,22.5,27.0,35.1,22.5,28.4,21.3,71.8,0.0,0.0,0.0
821,2023-02-24,1677177000,31.3,23.8,27.6,34.4,23.8,29.1,21.2,68.9,0.0,0.0,0.0
822,2023-02-25,1677263400,31.2,22.4,27.0,33.0,22.4,27.9,20.2,67.5,0.0,0.0,0.0
823,2023-02-26,1677349800,30.6,22.8,27.0,32.4,22.8,28.0,20.7,69.6,0.0,0.0,0.0
824,2023-02-27,1677436200,33.2,23.2,27.8,33.7,23.2,28.8,20.4,66.5,0.0,0.0,0.0
825,2023-02-28,1677522600,31.3,24.0,28.2,36.5,24.0,31.3,23.0,74.0,0.0,0.0,0.0
826,2023-03-01,1677609000,31.0,25.7,28.3,34.5,25.7,31.0,22.7,72.1,0.0,0.0,0.0
827,2023-03-02,1677695400,31.6,23.4,27.9,32.3,23.4,28.3,19.1,62.0,0.0,0.0,0.0
828,2023-03-03,1677781800,32.0,24.7,27.7,34.9,24.7,28.8,20.5,65.9,0.0,0.0,0.0
829,2023-03-04,1677868200,32.0,23.7,27.7,34.4,23.7,28.9,21.0,68.1,0.0,0.0,0.0
830,2023-03-05,1677954600,31.7,24.3,28.0,35.0,24.3,29.5,21.9,71.3,0.0,0.0,0.0
831,2023-03-06,1678041000,31.1,23.9,27.6,33.9,23.9,28.7,21.6,71.0,0.0,0.0,0.0
832,2023-03-07,1678127400,31.0,23.9,27.4,34.2,23.9,29.0,21.6,71.2,0.0,0.0,0.0
833,2023-03-08,1678213800,31.8,24.7,28.3,32.8,24.7,29.9,21.0,66.0,0.0,0.0,0.0
834,2023-03-09,1678300200,31.2,24.5,27.9,34.5,24.5,30.3,22.5,72.9,0.0,0.0,0.0
835,2023-03-10,1678386600,30.7,24.6,27.9,34.5,24.6,30.0,22.3,72.7,0.0,0.0,0.0
836,2023-03-11,1678473000,31.1,24.4,28.1,35.5,24.4,30.3,22.3,71.7,0.0,0.0,0.0
837,2023-03-12,1678559400,31.9,24.4,28.3,35.5,24.4,30.9,22.7,72.7,0.0,0.0,0.0
838,2023-03-13,1678645800,32.2,24.8,28.5,35.3,24.8,30.9,22.4,71.1,0.0,0.0,0.0
839,2023-03-14,1678732200,31.5,24.6,28.0,36.5,24.6,30.8,23.4,76.5,0.0,0.0,0.0
840,2023-03-15,1678818600,32.3,25.3,28.9,38.3,25.3,32.9,24.0,75.7,0.0,0.0,0.0
841,2023-03-16,1678905000,32.2,26.8,29.2,38.1,29.6,34.0,24.3,75.1,0.0,0.0,0.0
842,2023-03-17,1678991400,30.9,25.3,28.1,40.5,25.3,32.9,25.1,84.1,28.709,100.0,12.5
843,2023-03-18,1679077800,31.0,25.8,28.2,39.0,25.8,32.6,24.9,82.3,7.55,100.0,12.5
844,2023-03-19,1679164200,31.3,24.7,28.3,39.1,24.7,32.5,24.4,79.8,7.173,100.0,8.33
845,2023-03-20,1679250600,31.6,24.2,27.7,39.3,24.2,31.3,24.4,82.3,24.705,100.0,16.67
846,2023-03-21,1679337000,32.1,27.0,29.4,41.4,30.6,35.8,25.6,79.9,0.0,0.0,0.0
847,2023-03-22,1679423400,32.7,27.4,29.9,43.1,31.4,37.2,26.0,80.2,0.0,0.0,0.0
848,2023-03-23,1679509800,31.2,27.7,29.2,42.7,31.2,36.1,26.0,83.4,1.117,100.0,4.17
849,2023-03-24,1679596200,32.6,26.4,29.3,42.0,26.4,35.4,25.6,80.8,0.0,0.0,0.0
850,2023-03-25,1679682600,32.1,27.8,29.7,42.3,32.4,37.1,26.2,81.4,0.0,0.0,0.0
851,2023-03-26,1679769000,32.6,27.2,29.8,40.6,30.8,36.6,25.7,79.1,0.0,0.0,0.0
852,2023-03-27,1679855400,33.4,28.0,30.1,43.5,33.1,37.1,25.8,78.1,0.0,0.0,0.0
853,2023-03-28,1679941800,32.9,27.9,30.1,43.6,32.9,37.6,26.1,79.2,0.0,0.0,0.0
854,2023-03-29,1680028200,32.1,27.4,29.6,40.6,31.2,35.5,25.0,76.8,0.0,0.0,0.0
855,2023-03-30,1680114600,31.8,26.8,29.2,38.6,29.8,34.5,24.7,76.8,0.0,0.0,0.0
856,2023-03-31,1680201000,32.5,26.3,29.2,39.3,26.3,34.6,24.9,77.9,0.0,0.0,0.0
857,2023-04-01,1680287400,32.7,27.3,29.7,42.9,30.9,36.3,25.6,78.9,0.0,0.0,0.0
858,2023-04-02,1680373800,32.5,28.0,30.1,42.9,33.7,37.4,25.9,78.9,0.0,0.0,0.0
859,2023-04-03,1680460200,32.7,28.5,30.2,42.3,34.6,37.2,25.7,77.6,0.0,0.0,0.0
860,2023-04-04,1680546600,32.9,28.0,30.2,39.9,33.1,36.4,25.1,75.1,0.0,0.0,0.0
861,2023-04-05,1680633000,33.0,27.8,30.1,40.9,32.5,37.0,25.8,78.5,0.0,0.0,0.0
862,2023-04-06,1680719400,33.5,27.5,30.0,42.6,32.0,36.7,25.6,78.1,0.0,0.0,0.0
863,2023-04-07,1680805800,32.9,27.2,29.6,39.9,30.9,35.6,25.1,77.0,0.0,0.0,0.0
864,2023-04-08,1680892200,32.4,26.5,29.2,38.6,26.5,34.0,24.4,75.7,0.0,0.0,0.0
865,2023-04-09,1680978600,32.3,26.9,29.6,37.4,29.7,34.7,24.3,73.7,0.0,0.0,0.0
866,2023-04-10,1681065000,32.5,26.5,29.4,38.7,26.5,34.6,24.7,76.5,0.0,0.0,0.0
867,2023-04-11,1681151400,33.5,25.9,29.9,38.7,25.9,34.8,23.5,73.1,0.0,0.0,0.0
868,2023-04-12,1681237800,34.7,25.9,30.0,41.3,25.9,34.5,23.9,71.0,0.0,0.0,0.0
869,2023-04-13,1681324200,35.0,25.8,30.2,42.3,25.8,34.6,23.4,70.3,0.0,0.0,0.0
870,2023-04-14,1681410600,35.5,26.0,30.8,42.6,26.0,35.4,23.5,69.0,0.0,0.0,0.0
871,2023-04-15,1681497000,35.6,26.5,30.9,42.2,26.5,35.9,23.9,68.6,0.0,0.0,0.0
872,2023-04-16,1681583400,35.5,27.3,30.7,41.4,31.3,36.0,24.1,69.4,0.0,0.0,0.0
873,2023-04-17,1681669800,36.3,27.3,31.1,40.3,31.2,36.2,23.8,67.9,0.0,0.0,0.0
874,2023-04-18,1681756200,33.8,27.2,30.5,44.8,31.0,37.6,25.6,76.1,0.0,0.0,0.0
875,2023-04-19,1681842600,35.4,27.0,30.8,44.9,30.6,37.6,25.5,74.7,0.0,0.0,0.0
876,2023-04-20,1681929000,37.0,28.4,31.6,47.6,31.6,39.3,25.8,72.7,0.0,0.0,0.0
877,2023-04-21,1682015400,35.6,28.8,31.8,46.7,35.0,41.4,26.8,75.9,0.0,0.0,0.0
878,2023-04-22,1682101800,34.4,29.4,31.2,46.9,36.9,41.2,27.2,80.0,1.241,100.0,4.17
879,2023-04-23,1682188200,34.8,29.3,31.6,48.5,36.9,41.4,26.9,76.9,0.024,100.0,4.17
880,2023-04-24,1682274600,34.4,28.5,31.1,45.3,33.9,39.8,26.4,76.6,0.0,0.0,0.0
881,2023-04-25,1682361000,34.3,28.8,31.3,46.4,34.1,40.9,26.9,77.9,0.483,100.0,4.17
882,2023-04-26,1682447400,34.0,27.9,30.8,42.3,32.9,38.7,25.9,76.2,0.1,100.0,4.17
883,2023-04-27,1682533800,33.8,27.9,31.2,43.5,32.7,39.4,26.0,74.4,0.0,0.0,0.0
884,2023-04-28,1682620200,34.3,28.6,31.4,45.5,35.5,40.3,26.6,76.3,0.0,0.0,0.0
885,2023-04-29,1682706600,34.1,29.0,31.1,44.5,35.8,39.8,26.4,76.6,0.0,0.0,0.0
886,2023-04-30,1682793000,35.0,28.0,31.1,43.5,33.4,38.8,25.8,74.4,0.0,0.0,0.0
887,2023-05-01,1682879400,32.9,26.2,29.6,42.0,26.2,36.4,25.8,80.6,7.619,100.0,8.33
888,2023-05-02,1682965800,31.1,25.0,28.2,39.1,25.0,32.8,25.2,84.2,29.016,100.0,12.5
889,2023-05-03,1683052200,30.7,26.6,28.9,39.7,26.6,35.1,25.9,83.9,8.294,100.0,8.33
890,2023-05-04,1683138600,33.5,26.7,30.2,42.6,26.7,36.7,25.3,75.6,0.1,100.0,4.17
891,2023-05-05,1683225000,33.4,26.0,30.0,42.7,26.0,36.6,25.5,77.1,0.6,100.0,4.17
892,2023-05-06,1683311400,33.5,27.2,29.8,43.2,30.9,36.2,25.0,77.6,0.0,0.0,0.0
893,2023-05-07,1683397800,34.2,27.4,30.2,45.5,30.8,37.4,25.6,77.1,0.3,100.0,4.17
894,2023-05-08,1683484200,34.1,26.4,30.3,46.7,26.4,37.1,25.6,76.8,0.0,0.0,0.0
895,2023-05-09,1683570600,34.0,28.2,31.1,45.0,33.6,39.6,26.3,76.0,0.0,0.0,0.0
896,2023-05-10,1683657000,34.5,28.9,31.3,45.6,36.1,40.0,26.3,75.7,0.0,0.0,0.0
897,2023-05-11,1683743400,34.2,28.3,30.6,45.1,34.0,39.3,26.6,79.7,0.0,0.0,0.0
898,2023-05-12,1683829800,35.9,29.0,31.5,46.0,36.7,40.9,26.8,77.1,0.0,0.0,0.0
899,2023-05-13,1683916200,36.4,29.6,32.4,47.3,38.1,41.7,26.4,71.7,0.0,0.0,0.0
900,2023-05-14,1684002600,38.3,30.1,33.4,47.0,34.9,41.5,25.2,63.8,0.0,0.0,0.0
901,2023-05-15,1684089000,37.0,29.9,32.9,48.1,37.8,43.7,27.0,72.1,0.0,0.0,0.0
902,2023-05-16,1684175400,38.7,30.1,33.2,47.1,38.9,43.1,26.4,69.1,0.0,0.0,0.0
903,2023-05-17,1684261800,35.8,30.6,32.4,53.8,40.3,44.6,27.9,77.7,0.0,0.0,0.0
904,2023-05-18,1684348200,35.7,29.3,31.7,49.8,36.8,42.8,27.6,79.2,0.0,0.0,0.0
905,2023-05-19,1684434600,35.7,29.4,31.9,51.1,35.7,42.3,27.1,76.1,0.0,0.0,0.0
906,2023-05-20,1684521000,36.4,29.2,32.0,49.5,36.3,42.8,27.5,77.9,0.0,0.0,0.0
907,2023-05-21,1684607400,34.8,28.0,31.7,46.9,32.7,41.5,26.9,76.9,0.0,0.0,0.0
908,2023-05-22,1684693800,34.5,29.4,31.6,49.7,37.7,42.2,27.4,79.2,0.0,0.0,0.0
909,2023-05-23,1684780200,35.9,29.0,32.0,47.4,36.2,40.9,26.2,72.4,0.0,0.0,0.0
910,2023-05-24,1684866600,36.9,29.4,32.5,48.1,34.8,41.5,26.1,69.9,0.0,0.0,0.0
911,2023-05-25,1684953000,36.9,29.6,32.6,49.2,35.8,41.2,25.8,68.6,0.0,0.0,0.0
912,2023-05-26,1685039400,37.8,30.0,32.5,44.7,35.0,40.2,25.2,66.8,0.0,0.0,0.0
913,2023-05-27,1685125800,37.1,29.1,32.7,47.1,33.6,40.3,25.2,65.6,0.0,0.0,0.0
914,2023-05-28,1685212200,37.0,30.1,32.6,48.3,37.2,42.6,26.7,72.1,0.0,0.0,0.0
915,2023-05-29,1685298600,36.8,29.9,32.4,51.6,39.2,43.2,27.2,74.9,0.0,0.0,0.0
916,2023-05-30,1685385000,34.9,28.6,31.2,44.8,32.5,39.7,26.2,75.8,0.0,0.0,0.0
917,2023-05-31,1685471400,35.7,28.0,31.4,45.9,32.0,38.9,25.5,72.2,0.0,0.0,0.0
918,2023-06-01,1685557800,37.4,29.6,32.6,48.4,36.6,42.0,26.4,71.0,0.1,100.0,4.17
919,2023-06-02,1685644200,41.4,29.8,33.6,50.3,34.1,41.0,24.7,60.9,0.0,0.0,0.0
920,2023-06-03,1685730600,39.0,30.0,33.6,50.8,35.2,42.7,25.7,65.1,0.0,0.0,0.0
921,2023-06-04,1685817000,38.1,30.4,33.9,45.8,39.9,42.6,25.5,63.7,0.0,0.0,0.0
922,2023-06-05,1685903400,40.0,29.1,32.4,50.0,34.3,40.0,25.2,67.0,0.483,100.0,4.17
923,2023-06-06,1685989800,40.3,28.0,32.4,48.7,31.9,39.8,25.1,67.1,8.829,100.0,8.33
924,2023-06-07,1686076200,37.7,28.6,32.1,47.3,34.5,40.7,26.0,71.2,0.0,0.0,0.0
925,2023-06-08,1686162600,39.0,30.6,33.3,48.7,35.2,41.6,25.3,63.8,0.0,0.0,0.0
926,2023-06-09,1686249000,40.1,30.3,33.7,50.0,35.4,40.9,24.5,60.3,0.0,0.0,0.0
927,2023-06-10,1686335400,38.7,28.0,32.5,47.3,32.7,39.5,24.8,65.8,3.378,100.0,4.17
928,2023-06-11,1686421800,38.2,28.0,32.4,47.3,33.2,38.9,24.4,64.1,5.359,100.0,4.17
929,2023-06-12,1686508200,40.0,29.5,32.9,48.5,35.3,41.4,25.8,68.3,3.0,100.0,4.17
930,2023-06-13,1686594600,38.8,29.0,32.9,48.5,34.0,40.4,25.1,64.8,0.0,0.0,0.0
931,2023-06-14,1686681000,39.2,28.0,33.1,47.0,32.7,40.5,24.9,63.4,0.1,100.0,4.17
932,2023-06-15,1686767400,39.0,30.9,33.7,48.7,35.5,41.5,25.0,61.7,0.0,0.0,0.0
933,2023-06-16,1686853800,39.3,30.2,34.2,48.1,39.2,42.8,25.4,62.4,0.0,0.0,0.0
934,2023-06-17,1686940200,36.1,30.0,32.3,43.5,36.0,40.0,25.3,67.7,2.0,100.0,4.17
935,2023-06-18,1687026600,30.4,26.6,29.2,40.6,26.6,36.1,26.1,83.4,12.724,100.0,8.33
936,2023-06-19,1687113000,27.4,25.0,26.1,31.5,25.0,26.7,24.6,91.7,132.822,100.0,29.17
937,2023-06-20,1687199400,32.4,25.5,29.0,41.3,25.5,33.9,25.3,81.1,39.038,100.0,8.33
938,2023-06-21,1687285800,32.0,26.0,29.0,42.3,26.0,35.2,25.9,83.7,3.935,100.0,12.5
939,2023-06-22,1687372200,34.5,27.5,30.2,44.1,31.4,37.7,26.1,79.5,28.073,100.0,4.17
940,2023-06-23,1687458600,34.0,28.2,30.6,43.8,33.7,38.9,26.4,79.1,0.0,0.0,0.0
941,2023-06-24,1687545000,35.0,26.8,30.7,45.0,30.2,38.0,25.7,75.7,7.787,100.0,8.33
942,2023-06-25,1687631400,34.0,29.0,31.1,43.8,34.2,39.0,25.9,74.2,0.0,0.0,0.0
943,2023-06-26,1687717800,35.0,28.6,31.4,44.9,34.1,39.1,25.6,72.2,0.3,100.0,4.17
944,2023-06-27,1687804200,35.3,28.8,31.5,43.1,34.5,38.6,25.3,71.1,0.0,0.0,0.0
945,2023-06-28,1687890600,35.2,29.0,31.4,42.2,32.5,38.0,24.8,69.1,0.048,100.0,4.17
946,2023-06-29,1687977000,36.8,27.2,31.7,44.4,30.5,39.1,25.3,70.2,0.0,0.0,0.0
947,2023-06-30,1688063400,36.7,27.7,31.0,44.7,30.1,37.3,24.6,69.2,1.241,100.0,8.33
948,2023-07-01,1688149800,35.0,29.0,31.4,44.9,34.3,38.7,25.4,71.2,0.0,0.0,0.0
949,2023-07-02,1688236200,30.9,28.5,29.3,39.0,33.0,35.7,25.5,80.1,0.348,100.0,4.17
950,2023-07-03,1688322600,31.2,26.6,29.0,39.0,26.6,34.9,25.6,82.4,2.548,100.0,8.33
951,2023-07-04,1688409000,33.1,27.3,29.6,40.1,30.8,35.5,25.1,77.3,0.0,0.0,0.0
952,2023-07-05,1688495400,32.6,26.8,29.8,38.0,29.8,34.5,23.8,70.6,0.0,0.0,0.0
953,2023-07-06,1688581800,33.0,27.3,30.0,38.7,30.1,34.7,23.6,69.1,0.0,0.0,0.0
954,2023-07-07,1688668200,34.7,27.7,30.6,40.4,30.7,35.9,24.0,68.7,0.0,0.0,0.0
955,2023-07-08,1688754600,33.9,28.2,30.6,40.7,32.6,36.5,24.6,71.0,0.0,0.0,0.0
956,2023-07-09,1688841000,35.7,26.7,30.3,42.7,29.7,36.0,24.7,72.9,17.619,100.0,8.33
957,2023-07-10,1688927400,33.1,27.0,29.0,41.2,30.6,34.9,25.3,80.9,5.359,100.0,8.33
958,2023-07-11,1689013800,33.0,26.0,29.3,40.6,26.0,35.3,25.4,79.7,0.121,100.0,4.17
959,2023-07-12,1689100200,33.0,27.0,29.7,40.6,29.5,35.8,25.0,76.6,0.0,0.0,0.0
960,2023-07-13,1689186600,34.1,24.7,29.0,42.9,24.7,34.1,25.1,80.3,26.517,100.0,12.5
961,2023-07-14,1689273000,33.7,27.0,30.0,42.0,30.8,36.9,25.7,78.2,5.311,100.0,4.17
962,2023-07-15,1689359400,35.2,28.9,31.2,43.3,34.3,38.8,25.6,73.6,0.0,0.0,0.0
963,2023-07-16,1689445800,33.1,29.5,30.5,40.6,33.8,37.7,25.5,74.7,0.0,0.0,0.0
964,2023-07-17,1689532200,35.0,28.3,31.3,43.3,33.4,38.4,25.4,71.8,0.0,0.0,0.0
965,2023-07-18,1689618600,35.5,29.3,31.9,42.0,33.5,38.0,24.2,64.8,0.0,0.0,0.0
966,2023-07-19,1689705000,35.3,29.0,31.6,41.9,32.0,36.6,23.3,61.8,0.176,100.0,4.17
967,2023-07-20,1689791400,35.0,28.5,31.5,43.3,31.9,36.4,23.3,62.6,0.0,0.0,0.0
968,2023-07-21,1689877800,35.4,29.2,31.8,42.1,32.3,36.5,23.0,60.0,0.0,0.0,0.0
969,2023-07-22,1689964200,34.0,26.1,30.4,40.4,26.1,34.6,23.4,67.1,4.517,100.0,8.33
970,2023-07-23,1690050600,31.0,26.7,28.5,39.1,26.7,33.8,25.3,83.2,4.801,100.0,12.5
971,2023-07-24,1690137000,30.8,25.5,28.4,38.7,25.5,33.0,24.7,80.5,7.896,100.0,8.33
972,2023-07-25,1690223400,30.7,25.5,27.4,38.6,25.5,30.8,24.9,86.2,16.756,100.0,16.67
973,2023-07-26,1690309800,31.9,25.6,28.5,40.5,25.6,32.7,24.6,79.9,0.228,100.0,4.17
974,2023-07-27,1690396200,33.8,27.7,30.2,38.8,30.3,35.0,23.6,68.4,0.076,100.0,4.17
975,2023-07-28,1690482600,36.0,27.9,31.6,44.7,31.0,37.6,24.2,65.6,0.0,0.0,0.0
976,2023-07-29,1690569000,35.4,28.4,32.0,41.9,31.7,37.3,23.4,61.3,0.0,0.0,0.0
977,2023-07-30,1690655400,37.0,29.0,32.1,44.5,32.0,37.9,23.9,62.8,0.0,0.0,0.0
978,2023-07-31,1690741800,36.5,28.2,31.3,44.5,32.7,38.1,25.0,70.3,2.097,100.0,8.33
979,2023-08-01,1690828200,36.0,29.0,32.3,43.2,33.3,38.5,24.2,63.5,0.0,0.0,0.0
980,2023-08-02,1690914600,37.0,29.2,32.8,43.2,32.0,37.1,22.2,54.2,0.0,0.0,0.0
981,2023-08-03,1691001000,37.0,29.0,32.2,43.7,32.0,37.8,23.5,60.7,2.0,100.0,4.17
982,2023-08-04,1691087400,37.0,28.7,31.4,44.5,33.5,38.3,25.1,70.6,0.6,100.0,4.17
983,2023-08-05,1691173800,36.6,29.0,31.5,43.1,34.0,38.0,24.7,68.4,0.0,0.0,0.0
984,2023-08-06,1691260200,36.8,29.0,31.9,44.1,34.6,39.5,25.5,70.1,0.0,0.0,0.0
985,2023-08-07,1691346600,35.0,29.0,31.4,42.3,33.8,38.5,25.2,70.4,0.1,100.0,4.17
986,2023-08-08,1691433000,34.5,28.9,31.2,42.7,34.5,38.9,25.8,73.6,0.0,0.0,0.0
987,2023-08-09,1691519400,35.2,28.2,30.9,43.8,32.5,38.0,25.4,73.2,0.1,100.0,4.17
988,2023-08-10,1691605800,34.9,25.7,28.9,45.3,25.7,33.7,24.7,78.7,19.307,100.0,8.33
989,2023-08-11,1691692200,32.7,26.2,29.3,40.9,26.2,34.6,25.0,78.0,0.0,0.0,0.0
990,2023-08-12,1691778600,36.0,26.7,29.2,46.3,26.7,34.7,25.4,81.1,0.711,100.0,8.33
991,2023-08-13,1691865000,35.4,26.6,29.9,45.5,26.6,36.3,25.6,79.2,0.859,100.0,8.33
992,2023-08-14,1691951400,33.3,23.3,27.5,43.3,23.3,31.4,25.0,87.0,98.897,100.0,20.83
993,2023-08-15,1692037800,34.1,26.0,29.6,45.5,26.0,36.8,26.4,83.8,3.794,100.0,4.17
994,2023-08-16,1692124200,33.8,25.5,30.0,45.0,25.5,36.5,25.6,78.2,54.871,100.0,8.33
995,2023-08-17,1692210600,36.0,25.3,29.8,44.9,25.3,35.4,25.4,78.8,40.276,100.0,8.33
996,2023-08-18,1692297000,35.7,26.0,30.2,44.2,26.0,35.8,25.1,75.7,20.486,100.0,4.17
997,2023-08-19,1692383400,34.4,26.7,30.5,42.6,26.7,36.3,24.9,73.1,3.866,100.0,4.17
998,2023-08-20,1692469800,35.0,26.9,30.4,43.3,30.4,36.7,25.2,74.6,3.794,100.0,4.17
999,2023-08-21,1692556200,33.8,28.4,30.6,44.4,33.8,38.5,26.1,77.3,0.0,0.0,0.0
1000,2023-08-22,1692642600,33.4,27.4,30.0,45.2,31.9,38.5,26.7,82.7,3.38,100.0,8.33
1001,2023-08-23,1692729000,33.6,25.0,29.7,44.7,25.0,36.8,26.0,80.8,54.343,100.0,8.33
1002,2023-08-24,1692815400,34.0,25.3,29.6,45.3,25.3,36.6,25.9,80.8,86.074,100.0,12.5
1003,2023-08-25,1692901800,35.0,27.4,30.7,46.7,31.7,38.4,26.1,77.4,0.0,0.0,0.0
1004,2023-08-26,1692988200,33.8,27.9,30.3,45.2,32.7,38.4,26.4,79.9,0.0,0.0,0.0
1005,2023-08-27,1693074600,32.4,25.5,29.2,42.0,25.5,35.9,25.9,82.9,16.899,100.0,4.17
1006,2023-08-28,1693161000,35.0,27.7,30.3,44.9,31.4,37.9,26.0,78.3,0.0,0.0,0.0
1007,2023-08-29,1693247400,32.9,24.9,29.1,43.7,24.9,35.5,25.8,83.1,46.727,100.0,4.17
1008,2023-08-30,1693333800,34.3,27.1,30.0,44.4,30.1,36.2,25.0,75.1,0.0,0.0,0.0
1009,2023-08-31,1693420200,33.9,26.4,29.7,45.9,26.4,35.5,24.8,75.3,0.152,100.0,4.17
1010,2023-09-01,1693506600,33.6,27.3,30.0,42.4,30.9,36.6,25.4,77.0,0.0,0.0,0.0
1011,2023-09-02,1693593000,35.0,27.1,30.1,46.7,30.2,37.5,26.0,79.3,4.708,100.0,4.17
1012,2023-09-03,1693679400,34.6,25.8,29.0,42.3,25.8,34.0,24.9,79.3,10.758,100.0,8.33
1013,2023-09-04,1693765800,31.0,26.3,28.3,39.1,26.3,32.7,24.9,82.2,0.1,100.0,4.17
1014,2023-09-05,1693852200,30.2,27.2,28.5,35.7,30.1,32.7,23.9,76.1,0.628,100.0,8.33
1015,2023-09-06,1693938600,33.7,27.0,29.9,42.4,30.1,36.0,24.9,75.2,0.0,0.0,0.0
1016,2023-09-07,1694025000,34.0,24.8,29.7,43.5,24.8,35.1,24.9,76.4,52.585,100.0,12.5
1017,2023-09-08,1694111400,33.9,25.0,29.7,42.7,25.0,35.4,25.6,79.6,19.727,100.0,4.17
1018,2023-09-09,1694197800,33.9,26.8,30.4,42.6,30.6,36.9,25.3,75.0,0.8,100.0,4.17
1019,2023-09-10,1694284200,33.6,28.3,30.1,41.7,32.2,36.6,25.3,75.8,0.0,0.0,0.0
1020,2023-09-11,1694370600,34.1,28.5,30.7,43.5,33.5,37.3,25.2,73.6,0.0,0.0,0.0
1021,2023-09-12,1694457000,34.7,28.1,30.6,41.4,32.5,36.7,24.7,71.5,0.0,0.0,0.0
1022,2023-09-13,1694543400,34.6,26.6,29.9,42.8,26.6,35.2,24.6,74.5,6.241,100.0,8.33
1023,2023-09-14,1694629800,34.9,27.1,29.7,42.9,30.7,35.4,25.0,77.1,8.277,100.0,12.5
1024,2023-09-15,1694716200,35.0,26.9,30.2,43.3,30.3,36.7,25.3,76.2,1.131,100.0,12.5
1025,2023-09-16,1694802600,33.8,24.6,28.9,42.8,24.6,34.1,25.2,81.6,29.483,100.0,8.33
1026,2023-09-17,1694889000,33.2,25.4,28.2,43.9,25.4,32.5,25.2,84.7,29.556,100.0,8.33
1027,2023-09-18,1694975400,33.4,26.0,29.0,42.4,26.0,34.4,25.3,81.2,11.588,100.0,12.5
1028,2023-09-19,1695061800,33.2,25.9,29.7,41.4,25.9,35.8,25.3,77.8,7.587,100.0,4.17
1029,2023-09-20,1695148200,35.0,27.5,30.4,44.9,32.1,37.5,25.7,76.6,0.048,100.0,4.17
1030,2023-09-21,1695234600,32.7,26.1,29.2,41.8,26.1,35.5,25.6,81.5,8.812,100.0,8.33
1031,2023-09-22,1695321000,34.0,27.9,30.1,47.3,33.3,38.2,26.5,81.4,0.0,0.0,0.0
1032,2023-09-23,1695407400,32.6,26.1,29.4,44.5,26.1,36.2,26.0,81.9,3.469,100.0,8.33
1033,2023-09-24,1695493800,35.7,25.9,29.2,45.5,25.9,34.7,25.4,80.4,18.276,100.0,12.5
1034,2023-09-25,1695580200,33.3,25.0,29.1,45.8,25.0,34.9,25.3,80.5,6.483,100.0,4.17
1035,2023-09-26,1695666600,34.6,26.5,29.1,43.8,26.5,34.9,25.3,80.9,2.007,100.0,12.5
1036,2023-09-27,1695753000,35.0,25.8,29.1,46.7,25.8,34.4,25.5,81.6,30.28,100.0,12.5
1037,2023-09-28,1695839400,33.1,25.3,29.0,42.1,25.3,34.1,25.3,80.8,0.4,100.0,8.33
1038,2023-09-29,1695925800,33.1,25.0,28.7,42.0,25.0,32.8,25.0,81.2,33.72,100.0,8.33
1039,2023-09-30,1696012200,35.0,25.8,29.0,43.3,25.8,34.0,25.8,83.8,0.0,0.0,0.0
1040,2023-10-01,1696098600,35.0,27.2,29.8,43.5,30.6,36.1,25.5,78.7,0.228,100.0,4.17
1041,2023-10-02,1696185000,33.9,27.1,29.7,40.0,30.5,36.0,25.5,79.2,0.0,0.0,0.0
1042,2023-10-03,1696271400,35.0,26.8,30.1,43.9,30.7,36.7,25.7,78.5,3.076,100.0,8.33
1043,2023-10-04,1696357800,34.2,27.3,29.9,44.3,31.6,37.4,26.3,81.9,0.0,0.0,0.0
1044,2023-10-05,1696444200,34.4,26.0,29.5,45.6,26.0,35.8,26.0,82.4,23.934,100.0,8.33
1045,2023-10-06,1696530600,34.0,26.8,28.8,45.3,30.2,35.0,25.9,84.9,9.463,100.0,12.5
1046,2023-10-07,1696617000,32.9,27.3,29.4,45.6,32.2,37.2,26.6,85.1,0.048,100.0,4.17
1047,2023-10-08,1696703400,33.0,27.4,29.5,43.4,32.1,37.3,26.7,85.5,0.0,0.0,0.0
1048,2023-10-09,1696789800,34.0,27.7,29.8,45.3,33.1,37.5,26.5,83.3,0.0,0.0,0.0
1049,2023-10-10,1696876200,32.8,27.7,29.4,44.0,32.8,37.1,26.6,84.8,0.145,100.0,4.17
1050,2023-10-11,1696962600,34.0,27.0,29.2,45.3,30.1,36.3,26.3,84.9,0.072,100.0,4.17
1051,2023-10-12,1697049000,32.3,26.7,29.1,39.9,30.2,35.2,25.7,82.6,0.0,0.0,0.0
1052,2023-10-13,1697135400,32.0,26.4,29.0,40.6,26.4,34.2,25.2,80.7,0.0,0.0,0.0
1053,2023-10-14,1697221800,30.6,26.3,28.1,39.1,26.3,33.1,25.5,86.0,1.282,100.0,12.5
1054,2023-10-15,1697308200,31.7,25.7,28.4,42.0,25.7,33.6,25.4,84.2,8.517,100.0,4.17
1055,2023-10-16,1697394600,31.9,26.0,29.0,41.0,26.0,35.4,26.0,84.3,0.904,100.0,12.5
1056,2023-10-17,1697481000,31.9,26.6,28.8,39.5,26.6,33.7,24.9,80.1,0.0,0.0,0.0
1057,2023-10-18,1697567400,32.3,26.0,29.1,38.0,26.0,33.0,24.0,75.2,0.0,0.0,0.0
1058,2023-10-19,1697653800,33.0,26.3,29.2,40.3,26.3,34.3,24.7,77.4,0.0,0.0,0.0
1059,2023-10-20,1697740200,32.8,25.5,29.3,41.2,25.5,33.8,24.3,75.1,0.0,0.0,0.0
1060,2023-10-21,1697826600,31.1,24.4,28.3,39.0,24.4,33.1,25.0,82.6,21.706,100.0,12.5
1061,2023-10-22,1697913000,32.2,26.7,29.2,39.0,30.0,34.6,25.0,78.5,6.829,100.0,4.17
1062,2023-10-23,1697999400,32.9,26.0,29.0,37.7,26.0,32.3,22.8,71.0,0.0,0.0,0.0
1063,2023-10-24,1698085800,32.4,24.8,28.9,37.4,24.8,32.1,23.0,71.6,0.0,0.0,0.0
1064,2023-10-25,1698172200,32.6,25.5,29.0,38.8,25.5,33.6,24.1,75.6,0.0,0.0,0.0
1065,2023-10-26,1698258600,32.0,25.8,29.2,38.6,25.8,33.9,24.3,75.6,0.0,0.0,0.0
1066,2023-10-27,1698345000,31.1,26.9,28.6,37.2,30.3,34.0,25.1,81.5,0.303,100.0,4.17
1067,2023-10-28,1698431400,32.1,26.7,29.2,39.9,29.7,35.0,25.3,80.0,0.3,100.0,4.17
1068,2023-10-29,1698517800,32.0,26.9,29.1,41.0,30.0,34.5,24.9,78.5,3.0,100.0,4.17
1069,2023-10-30,1698604200,29.0,26.0,27.4,35.7,26.0,31.0,24.8,86.2,18.872,100.0,12.5
1070,2023-10-31,1698690600,30.4,25.5,27.6,38.5,25.5,31.5,25.0,86.0,3.228,100.0,4.17
1071,2023-11-01,1698777000,31.6,26.6,28.1,39.4,26.6,32.4,25.0,83.9,0.469,100.0,4.17
1072,2023-11-02,1698863400,30.1,26.3,28.3,38.5,26.3,33.7,25.5,84.9,12.94,100.0,8.33
1073,2023-11-03,1698949800,29.8,26.1,27.4,38.4,26.1,31.0,25.3,88.7,55.504,100.0,25.0
1074,2023-11-04,1699036200,30.6,25.5,27.0,38.3,25.5,29.5,25.1,89.6,35.221,100.0,16.67
1075,2023-11-05,1699122600,30.8,25.7,27.9,38.7,25.7,32.1,25.5,86.8,0.0,0.0,0.0
1076,2023-11-06,1699209000,30.0,25.7,28.1,38.9,25.7,32.7,25.5,85.8,2.276,100.0,4.17
1077,2023-11-07,1699295400,30.6,25.7,27.7,38.2,25.7,31.5,25.4,87.8,2.779,100.0,12.5
1078,2023-11-08,1699381800,30.7,25.8,27.9,38.4,25.8,32.0,25.4,86.4,9.132,100.0,8.33
1079,2023-11-09,1699468200,29.5,25.4,27.1,36.8,25.4,29.9,25.2,89.6,16.893,100.0,20.83
1080,2023-11-10,1699554600,30.6,25.0,27.9,40.2,25.0,32.1,25.1,85.2,0.0,0.0,0.0
1081,2023-11-11,1699641000,30.9,25.3,28.0,36.4,25.3,30.7,23.4,76.6,0.0,0.0,0.0
1082,2023-11-12,1699727400,30.8,25.3,28.2,37.4,25.3,31.5,23.7,77.0,0.0,0.0,0.0
1083,2023-11-13,1699813800,31.2,25.8,28.2,38.0,25.8,31.9,24.2,79.3,9.772,100.0,8.33
1084,2023-11-14,1699900200,27.2,24.7,26.0,31.0,24.7,26.6,23.9,88.3,103.21,100.0,29.17
1085,2023-11-15,1699986600,27.0,25.0,26.1,30.6,25.0,26.6,23.9,88.1,29.174,100.0,20.83
1086,2023-11-16,1700073000,29.7,24.9,27.6,36.8,24.9,30.9,24.4,83.1,0.0,0.0,0.0
1087,2023-11-17,1700159400,31.4,25.5,28.5,39.7,25.5,33.0,25.1,81.9,0.0,0.0,0.0
1088,2023-11-18,1700245800,30.3,25.9,28.1,37.9,25.9,32.2,25.0,83.6,0.152,100.0,4.17
1089,2023-11-19,1700332200,30.5,24.8,27.4,35.6,24.8,30.1,23.8,81.2,3.0,100.0,4.17
1090,2023-11-20,1700418600,29.0,26.0,26.8,34.5,26.0,28.3,24.3,86.8,8.035,100.0,12.5
1091,2023-11-21,1700505000,27.3,25.1,26.2,30.7,25.1,26.5,24.6,90.9,67.766,100.0,25.0
1092,2023-11-22,1700591400,28.0,25.1,26.4,33.4,25.1,27.7,24.8,90.9,45.35,100.0,20.83
1093,2023-11-23,1700677800,29.3,24.2,26.4,36.2,24.2,28.9,24.7,90.2,24.245,100.0,12.5
1094,2023-11-24,1700764200,31.2,25.7,28.2,40.8,25.7,32.8,25.4,85.1,4.6,100.0,8.33
1095,2023-11-25,1700850600,30.7,24.9,27.3,40.1,24.9,30.6,24.9,86.8,37.662,100.0,12.5
1096,2023-11-26,1700937000,29.9,24.3,27.4,37.0,24.3,30.9,24.6,84.9,11.689,100.0,8.33
1097,2023-11-27,1701023400,30.6,25.2,27.5,38.5,25.2,30.7,24.9,85.8,18.745,100.0,16.67
1098,2023-11-28,1701109800,29.9,25.5,27.7,38.2,25.5,31.8,25.0,84.9,11.002,100.0,4.17
1099,2023-11-29,1701196200,28.1,24.1,25.7,33.8,24.1,26.9,24.3,91.6,106.381,100.0,25.0
1100,2023-11-30,1701282600,27.8,23.7,25.3,33.1,23.7,26.1,23.9,91.7,59.898,100.0,16.67
1101,2023-12-01,1701369000,29.2,24.6,27.0,37.1,24.6,29.8,24.7,87.7,8.07,100.0,8.33
1102,2023-12-02,1701455400,28.8,24.1,26.6,35.0,24.1,28.4,24.6,88.8,34.448,100.0,20.83
1103,2023-12-03,1701541800,27.5,24.2,25.6,32.2,24.2,26.0,24.3,92.4,107.205,100.0,33.33
1104,2023-12-04,1701628200,25.0,23.4,24.1,25.0,23.4,24.1,23.0,93.4,431.528,100.0,33.33
1105,2023-12-05,1701714600,31.0,24.0,27.4,37.7,24.0,30.9,24.5,84.6,10.829,100.0,8.33
1106,2023-12-06,1701801000,32.0,26.0,28.7,44.3,26.0,35.3,26.4,87.3,0.0,0.0,0.0
1107,2023-12-07,1701887400,31.0,26.0,27.7,40.6,26.0,31.7,25.6,88.9,0.241,100.0,4.17
1108,2023-12-08,1701973800,29.1,25.7,27.2,35.8,25.7,30.0,24.9,87.6,3.793,100.0,8.33
1109,2023-12-09,1702060200,30.2,24.9,27.3,37.4,24.9,30.4,24.6,85.5,0.0,0.0,0.0
1110,2023-12-10,1702146600,29.6,25.7,27.2,35.6,25.7,29.8,24.2,83.7,0.0,0.0,0.0
1111,2023-12-11,1702233000,29.0,24.1,26.7,34.5,24.1,28.7,23.5,82.5,0.152,100.0,4.17
1112,2023-12-12,1702319400,29.3,23.2,26.1,34.5,23.2,27.3,22.5,81.2,0.0,0.0,0.0
1113,2023-12-13,1702405800,29.0,23.0,26.0,32.7,23.0,27.1,22.1,79.7,0.0,0.0,0.0
1114,2023-12-14,1702492200,29.5,23.9,26.4,32.7,23.9,27.8,21.8,76.2,0.0,0.0,0.0
1115,2023-12-15,1702578600,27.0,25.0,25.6,30.1,25.0,25.9,23.4,87.5,9.241,100.0,12.5
1116,2023-12-16,1702665000,29.0,24.8,26.8,34.5,24.8,29.0,24.2,86.0,3.035,100.0,4.17
1117,2023-12-17,1702751400,30.0,26.0,27.4,35.1,26.0,30.0,23.5,79.7,0.0,0.0,0.0
1118,2023-12-18,1702837800,29.0,25.0,27.0,32.7,25.0,28.7,22.3,75.7,0.0,0.0,0.0
1119,2023-12-19,1702924200,29.2,24.8,26.9,32.0,24.8,28.2,21.7,73.5,0.0,0.0,0.0
1120,2023-12-20,1703010600,29.0,25.0,26.7,32.7,25.0,28.2,22.4,77.7,0.0,0.0,0.0
1121,2023-12-21,1703097000,29.0,24.2,26.4,32.7,24.2,27.3,22.5,79.7,0.0,0.0,0.0
1122,2023-12-22,1703183400,29.0,22.3,25.2,32.7,22.3,26.0,20.9,77.9,0.0,0.0,0.0
1123,2023-12-23,1703269800,29.1,21.0,25.0,31.4,21.0,25.7,20.1,75.2,0.0,0.0,0.0
1124,2023-12-24,1703356200,28.0,23.7,25.8,31.3,23.7,26.9,22.2,80.5,0.0,0.0,0.0
1125,2023-12-25,1703442600,29.0,25.0,26.6,34.5,25.0,28.2,23.5,83.3,0.0,0.0,0.0
1126,2023-12-26,1703529000,29.0,23.0,26.1,33.6,23.0,27.5,22.0,78.5,0.0,0.0,0.0
1127,2023-12-27,1703615400,30.0,23.0,26.4,34.1,23.0,27.9,22.2,78.6,0.0,0.0,0.0
1128,2023-12-28,1703701800,30.0,24.8,26.8,35.1,24.8,28.5,23.0,79.8,0.0,0.0,0.0
1129,2023-12-29,1703788200,29.2,24.4,26.6,33.6,24.4,28.2,23.0,80.8,0.0,0.0,0.0
1130,2023-12-30,1703874600,30.0,23.5,26.5,34.1,23.5,27.8,21.9,76.3,0.0,0.0,0.0
1131,2023-12-31,1703961000,29.2,22.0,25.7,32.0,22.0,26.6,21.2,76.8,0.0,0.0,0.0
1132,2024-01-01,1704047400,29.1,21.7,25.7,32.0,21.7,26.7,20.9,75.3,0.0,0.0,0.0
1133,2024-01-02,1704133800,28.7,22.8,25.7,31.0,22.8,26.5,21.0,76.2,0.0,0.0,0.0
1134,2024-01-03,1704220200,29.0,22.5,25.9,32.0,22.5,27.2,21.7,78.1,0.152,100.0,4.17
1135,2024-01-04,1704306600,29.5,23.9,25.9,33.6,23.9,26.8,22.7,82.8,13.863,100.0,8.33
1136,2024-01-05,1704393000,29.0,24.7,26.5,33.6,24.7,28.1,23.1,82.0,0.076,100.0,4.17
1137,2024-01-06,1704479400,28.3,25.8,26.7,31.9,25.8,28.2,23.3,81.8,0.241,100.0,4.17
1138,2024-01-07,1704565800,26.0,23.0,24.9,26.0,23.0,24.9,22.9,89.0,21.882,100.0,20.83
1139,2024-01-08,1704652200,27.0,23.8,25.5,30.1,23.8,26.2,23.7,89.9,42.241,100.0,16.67
1140,2024-01-09,1704738600,29.0,24.9,27.0,33.6,24.9,28.7,23.2,80.2,0.0,0.0,0.0
1141,2024-01-10,1704825000,30.0,24.0,26.8,34.1,24.0,28.1,22.4,77.8,0.0,0.0,0.0
1142,2024-01-11,1704911400,30.0,24.3,26.9,33.3,24.3,28.3,22.3,77.1,0.0,0.0,0.0
1143,2024-01-12,1704997800,30.0,23.7,26.4,34.1,23.7,27.7,22.5,79.7,0.0,0.0,0.0
1144,2024-01-13,1705084200,30.0,24.0,26.7,34.1,24.0,28.1,23.0,80.9,0.0,0.0,0.0
1145,2024-01-14,1705170600,31.0,23.8,26.4,33.7,23.8,27.1,22.1,79.0,0.0,0.0,0.0
1146,2024-01-15,1705257000,29.6,23.0,25.7,32.0,23.0,26.6,21.5,79.0,0.0,0.0,0.0
1147,2024-01-16,1705343400,30.0,21.7,25.3,31.3,21.7,25.7,19.8,73.1,0.0,0.0,0.0
1148,2024-01-17,1705429800,30.0,21.5,25.5,32.6,21.5,26.2,20.3,74.0,0.0,0.0,0.0
1149,2024-01-18,1705516200,30.0,21.9,26.0,34.1,21.9,27.3,21.8,78.5,0.0,0.0,0.0
1150,2024-01-19,1705602600,30.0,23.4,26.6,34.1,23.4,28.0,22.3,78.2,0.0,0.0,0.0
1151,2024-01-20,1705689000,30.0,24.0,26.6,34.1,24.0,27.9,22.1,77.1,0.0,0.0,0.0
1152,2024-01-21,1705775400,30.2,23.4,26.6,32.7,23.4,27.6,21.4,74.7,0.0,0.0,0.0
1153,2024-01-22,1705861800,30.2,23.1,26.4,33.3,23.1,27.7,21.7,76.5,0.0,0.0,0.0
1154,2024-01-23,1705948200,30.0,23.0,26.6,34.1,23.0,28.2,21.9,75.9,0.0,0.0,0.0
1155,2024-01-24,1706034600,31.1,22.8,27.1,33.7,22.8,28.3,21.3,72.0,0.0,0.0,0.0
1156,2024-01-25,1706121000,30.5,23.0,26.8,34.1,23.0,28.2,21.5,73.8,0.0,0.0,0.0
1157,2024-01-26,1706207400,30.0,23.3,26.4,34.1,23.3,27.6,21.8,76.8,0.0,0.0,0.0
1158,2024-01-27,1706293800,31.0,23.7,27.0,35.5,23.7,28.8,22.0,74.8,0.0,0.0,0.0
1159,2024-01-28,1706380200,30.1,25.0,27.5,34.1,25.0,29.4,22.0,72.6,0.0,0.0,0.0
1160,2024-01-29,1706466600,30.0,23.0,26.3,32.6,23.0,27.0,19.9,68.7,0.0,0.0,0.0
1161,2024-01-30,1706553000,30.0,23.0,26.3,33.3,23.0,27.3,20.8,72.3,0.0,0.0,0.0
1162,2024-01-31,1706639400,31.0,23.0,26.9,36.5,23.0,28.9,22.3,76.3,0.0,0.0,0.0
1163,2024-02-01,1706725800,31.0,25.0,27.7,37.7,25.0,30.8,23.9,80.2,0.0,0.0,0.0
1164,2024-02-02,1706812200,31.3,25.9,28.1,37.7,25.9,31.4,24.1,79.2,0.0,0.0,0.0
1165,2024-02-03,1706898600,31.0,24.9,27.4,34.6,24.9,29.4,22.9,76.9,0.0,0.0,0.0
1166,2024-02-04,1706985000,31.1,23.5,27.2,35.5,23.5,28.8,22.2,74.9,0.0,0.0,0.0
1167,2024-02-05,1707071400,31.0,23.6,27.0,34.6,23.6,28.5,21.8,74.2,0.0,0.0,0.0
1168,2024-02-06,1707157800,30.5,23.8,26.7,34.1,23.8,28.2,22.1,76.4,0.0,0.0,0.0
1169,2024-02-07,1707244200,32.0,23.0,26.8,34.2,23.0,27.8,21.2,73.4,0.0,0.0,0.0
1170,2024-02-08,1707330600,31.1,23.0,26.8,35.5,23.0,28.5,22.5,78.0,0.0,0.0,0.0
1171,2024-02-09,1707417000,31.3,24.0,27.3,35.5,24.0,29.4,22.8,77.0,0.0,0.0,0.0
1172,2024-02-10,1707503400,32.0,25.7,28.3,36.8,25.7,31.1,23.0,73.7,0.0,0.0,0.0
1173,2024-02-11,1707589800,31.0,24.8,27.5,34.6,24.8,29.1,22.0,72.5,0.0,0.0,0.0
1174,2024-02-12,1707676200,30.9,23.0,26.8,33.9,23.0,28.3,21.4,73.1,0.0,0.0,0.0
1175,2024-02-13,1707762600,31.1,24.0,27.4,35.5,24.0,29.7,22.6,75.6,0.0,0.0,0.0
1176,2024-02-14,1707849000,32.0,25.0,27.9,35.8,25.0,30.0,22.4,73.2,0.0,0.0,0.0
1177,2024-02-15,1707935400,31.0,24.0,27.3,34.6,24.0,28.9,21.9,73.5,0.0,0.0,0.0
1178,2024-02-16,1708021800,32.0,24.0,27.8,34.9,24.0,29.9,22.0,71.3,0.0,0.0,0.0
1179,2024-02-17,1708108200,32.0,24.0,27.5,34.2,24.0,29.1,21.8,72.6,0.0,0.0,0.0
1180,2024-02-18,1708194600,31.0,23.4,27.3,34.6,23.4,29.1,22.3,75.3,0.0,0.0,0.0
1181,2024-02-19,1708281000,32.0,24.0,28.0,35.8,24.0,30.4,22.6,73.5,0.0,0.0,0.0
1182,2024-02-20,1708367400,31.5,24.4,28.0,36.5,24.4,30.6,23.0,74.8,0.0,0.0,0.0
1183,2024-02-21,1708453800,33.0,24.0,28.2,39.3,24.0,30.9,22.8,73.8,0.0,0.0,0.0
1184,2024-02-22,1708540200,33.0,26.0,28.7,39.3,26.0,32.4,24.1,76.9,0.0,0.0,0.0
1185,2024-02-23,1708626600,34.0,26.7,29.6,42.1,29.9,35.4,25.2,78.1,0.0,0.0,0.0
1186,2024-02-24,1708713000,32.0,27.4,29.3,39.2,30.7,34.4,24.5,76.1,0.0,0.0,0.0
1187,2024-02-25,1708799400,31.1,26.4,28.7,35.5,26.4,32.0,22.8,70.8,0.0,0.0,0.0
1188,2024-02-26,1708885800,31.8,26.4,28.6,36.8,26.4,32.2,23.4,73.9,0.0,0.0,0.0
1189,2024-02-27,1708972200,32.0,26.0,28.6,36.5,26.0,31.7,23.2,73.4,0.0,0.0,0.0
1190,2024-02-28,1709058600,32.2,25.0,28.3,37.9,25.0,30.9,23.1,74.4,0.0,0.0,0.0
1191,2024-02-29,1709145000,33.0,24.0,28.3,37.0,24.0,30.9,22.8,73.2,0.0,0.0,0.0
1192,2024-03-01,1709231400,33.0,25.0,28.6,36.8,25.0,31.3,22.9,72.7,0.0,0.0,0.0
1193,2024-03-02,1709317800,33.0,25.0,28.4,39.3,25.0,31.6,23.6,75.8,0.0,0.0,0.0
1194,2024-03-03,1709404200,33.0,25.0,28.8,36.1,25.0,31.3,22.4,69.7,0.0,0.0,0.0
1195,2024-03-04,1709490600,32.0,23.9,27.9,36.8,23.9,30.2,22.3,72.2,0.0,0.0,0.0
1196,2024-03-05,1709577000,31.2,24.0,28.0,35.5,24.0,30.5,22.7,73.6,0.0,0.0,0.0
1197,2024-03-06,1709663400,33.0,24.0,28.3,39.3,24.0,31.3,23.0,74.2,0.0,0.0,0.0
1198,2024-03-07,1709749800,34.0,25.0,28.8,40.6,25.0,31.8,23.1,72.6,0.0,0.0,0.0
1199,2024-03-08,1709836200,34.0,24.0,29.2,39.4,24.0,32.9,23.5,72.8,0.0,0.0,0.0
1200,2024-03-09,1709922600,33.0,26.0,29.1,42.1,26.0,33.8,24.5,76.5,0.0,0.0,0.0
1201,2024-03-10,1710009000,33.2,26.0,29.6,38.1,26.0,33.8,23.8,72.1,0.0,0.0,0.0
1202,2024-03-11,1710095400,33.2,27.0,29.8,39.3,30.1,34.4,23.9,71.4,0.0,0.0,0.0
1203,2024-03-12,1710181800,34.0,26.0,29.2,42.0,26.0,33.2,23.9,74.3,0.0,0.0,0.0
1204,2024-03-13,1710268200,30.6,25.8,28.3,35.8,25.8,31.8,23.9,77.7,0.0,0.0,0.0
1205,2024-03-14,1710354600,30.5,26.4,28.5,36.8,26.4,32.5,24.1,77.5,0.0,0.0,0.0
1206,2024-03-15,1710441000,30.7,26.4,28.7,35.5,26.4,32.2,23.3,73.0,0.0,0.0,0.0
1207,2024-03-16,1710527400,30.8,27.4,29.0,38.5,30.8,34.1,24.6,77.5,0.0,0.0,0.0
