,dt,aqi,co,no,no2,o3,so2,pm2_5,pm10,nh3
0,2020-11-25,5.0,2403.26,12.07,58.26,203.13,26.46,299.76,335.66,60.8
1,2020-11-26,5.0,2136.23,3.97,50.04,205.99,23.37,314.79,348.41,29.13
2,2020-11-27,5.0,2803.8,9.05,65.8,174.52,50.07,283.0,342.48,33.95
3,2020-11-28,5.0,2483.37,3.69,56.89,167.37,24.56,283.73,324.83,35.47
4,2020-11-29,5.0,2056.12,4.69,44.55,226.02,50.07,272.96,305.21,28.37
5,2020-11-30,5.0,3070.83,28.39,60.32,234.6,41.96,340.28,388.29,39.52
6,2020-12-01,5.0,3337.86,22.13,65.12,223.16,56.27,409.84,468.09,92.21
7,2020-12-02,5.0,3150.94,11.29,65.8,226.02,42.44,426.94,468.88,41.54
8,2020-12-03,5.0,3524.78,31.29,83.63,254.63,55.31,455.51,516.47,86.13
9,2020-12-04,5.0,4058.84,31.74,90.48,246.05,75.34,564.28,615.49,93.22
10,2020-12-05,5.0,2616.88,7.26,82.94,223.16,64.85,390.47,425.02,149.97
11,2020-12-06,5.0,2777.1,2.77,74.03,214.58,51.5,370.9,436.64,115.51
12,2020-12-07,5.0,3204.35,22.35,67.86,203.13,31.95,440.4,493.98,58.77
13,2020-12-08,5.0,4005.43,33.08,66.49,226.02,66.76,546.68,606.13,66.88
14,2020-12-09,5.0,3524.78,27.27,75.4,214.58,61.99,497.54,566.53,106.39
15,2020-12-10,5.0,4165.65,36.66,71.97,214.58,31.95,612.0,670.74,41.04
16,2020-12-11,5.0,3524.78,9.05,62.38,144.48,38.62,531.94,586.24,35.97
17,2020-12-12,5.0,1228.33,6.59,33.93,107.29,19.55,110.38,130.6,16.09
18,2020-12-13,5.0,947.95,2.32,23.65,144.48,25.75,108.07,119.15,23.81
19,2020-12-14,5.0,2243.04,4.36,72.66,135.9,42.44,187.58,231.98,41.54
20,2020-12-15,5.0,2696.99,13.75,75.4,147.34,37.19,263.38,307.93,49.65
21,2020-12-16,5.0,2696.99,14.75,54.15,120.16,54.84,268.7,315.11,21.53
22,2020-12-17,5.0,894.55,3.3,21.42,145.91,24.08,139.32,154.44,19.76
23,2020-12-18,5.0,1548.77,4.75,37.01,160.22,36.72,182.26,216.86,25.84
24,2020-12-19,5.0,3124.24,23.47,61.69,173.09,25.99,332.12,388.08,60.8
25,2020-12-20,5.0,3150.94,26.6,56.21,191.69,42.44,423.45,469.18,38.0
26,2020-12-21,5.0,3150.94,9.5,71.97,203.13,49.11,515.96,575.65,50.66
27,2020-12-22,5.0,3177.64,31.29,66.49,197.41,24.8,597.56,640.02,40.03
28,2020-12-23,5.0,3364.56,41.13,78.14,203.13,43.87,625.38,681.52,61.81
29,2020-12-24,5.0,3044.13,32.19,63.75,178.81,96.32,465.8,513.06,40.03
30,2020-12-25,5.0,1949.31,5.36,31.87,147.34,33.85,317.14,350.34,23.56
31,2020-12-26,5.0,2750.4,13.64,63.06,181.68,42.92,347.31,393.97,53.2
32,2020-12-27,5.0,3578.19,20.34,55.52,185.97,30.52,483.04,526.53,59.28
33,2020-12-28,5.0,1401.9,3.24,37.36,163.08,24.56,322.93,344.7,26.35
34,2020-12-29,5.0,1615.52,4.19,42.5,150.2,27.18,224.91,248.35,28.37
35,2020-12-30,5.0,2002.72,8.61,57.58,170.23,36.72,214.65,255.83,35.47
36,2020-12-31,5.0,2750.4,9.28,68.55,180.24,49.59,290.54,348.08,55.22
37,2021-01-01,5.0,3177.64,22.8,111.04,158.79,90.6,357.2,422.49,154.02
38,2021-01-02,5.0,2563.48,11.29,70.6,131.61,46.25,325.89,371.63,118.55
39,2021-01-03,5.0,2189.64,15.42,50.04,145.91,21.7,330.31,359.01,47.62
40,2021-01-04,5.0,2082.82,24.36,35.64,108.72,22.89,198.6,231.7,36.99
41,2021-01-05,5.0,2723.69,5.92,101.45,111.58,52.93,384.64,439.87,127.67
42,2021-01-06,5.0,3417.97,48.73,53.47,183.11,41.49,419.58,459.66,29.39
43,2021-01-07,5.0,1094.82,5.25,49.35,147.34,41.96,151.74,171.14,18.49
44,2021-01-08,5.0,1348.5,4.86,26.39,157.36,48.16,252.94,273.74,16.47
45,2021-01-09,5.0,907.9,4.19,18.68,104.43,29.56,130.87,136.19,13.05
46,2021-01-10,5.0,821.11,2.4,12.51,130.18,16.21,134.12,144.4,13.43
47,2021-01-11,5.0,1201.63,3.55,23.31,165.94,24.32,169.96,192.7,20.77
48,2021-01-12,5.0,2830.51,16.09,58.95,164.51,24.8,299.0,370.87,34.96
49,2021-01-13,5.0,2563.48,15.65,53.47,174.52,28.61,284.39,348.82,27.87
50,2021-01-14,5.0,4058.84,41.57,116.53,194.55,108.72,496.71,574.19,172.26
51,2021-01-15,5.0,3845.22,26.82,91.85,188.83,44.35,467.36,541.01,79.04
52,2021-01-16,5.0,3070.83,16.99,56.89,170.23,21.22,422.64,481.39,35.47
53,2021-01-17,5.0,2536.77,8.49,45.24,170.23,12.04,344.25,381.61,22.04
54,2021-01-18,5.0,3524.78,23.92,89.11,148.77,33.85,395.83,458.27,64.85
55,2021-01-19,5.0,2990.72,24.59,57.58,151.63,35.29,377.76,434.15,81.06
56,2021-01-20,5.0,1575.47,4.25,22.96,165.94,24.56,363.51,389.15,15.33
57,2021-01-21,5.0,3231.05,21.23,61.01,167.37,49.11,366.99,447.01,86.13
58,2021-01-22,5.0,3311.16,54.99,76.77,197.41,46.73,421.4,449.37,103.35
59,2021-01-23,5.0,2216.34,16.54,45.24,175.95,26.7,364.53,385.11,55.73
60,2021-01-24,5.0,2029.42,5.48,38.73,211.72,22.41,359.66,395.42,15.45
61,2021-01-25,5.0,1735.69,6.37,39.07,151.63,42.92,389.59,406.81,21.79
62,2021-01-26,5.0,1562.12,7.71,41.13,160.22,26.94,191.62,228.35,20.01
63,2021-01-27,5.0,1495.36,0.01,30.16,66.52,10.13,189.68,224.43,7.41
64,2021-01-28,5.0,3417.97,39.79,104.19,180.24,73.43,400.52,444.71,109.43
65,2021-01-29,5.0,2376.56,3.44,55.52,178.81,33.38,323.43,367.07,41.54
66,2021-01-30,5.0,1401.9,3.74,29.13,173.09,28.37,236.47,255.84,19.25
67,2021-01-31,5.0,2189.64,14.75,53.47,168.8,33.38,235.9,279.16,50.16
68,2021-02-01,5.0,3364.56,36.21,69.23,197.41,59.61,456.44,503.31,64.85
69,2021-02-02,5.0,3204.35,56.77,98.71,197.41,62.94,348.3,420.18,116.53
70,2021-02-03,5.0,2456.67,20.79,58.26,203.13,26.23,366.07,417.06,45.09
71,2021-02-04,5.0,1708.98,3.33,28.1,180.24,20.27,343.29,375.6,16.09
72,2021-02-05,5.0,3391.27,46.94,52.09,111.58,26.94,261.69,327.98,39.52
73,2021-02-06,5.0,3524.78,49.62,37.7,150.2,31.47,287.6,331.97,65.86
74,2021-02-07,5.0,2403.26,10.62,45.24,167.37,24.32,271.22,326.92,26.09
75,2021-02-08,5.0,2750.4,38.45,37.36,203.13,32.9,309.11,365.47,25.59
76,2021-02-09,5.0,2750.4,3.55,66.49,211.72,39.58,358.84,413.72,38.0
77,2021-02-10,5.0,3952.03,39.34,72.66,243.19,52.93,483.26,554.0,127.67
78,2021-02-11,5.0,2964.02,27.94,71.97,231.74,36.24,509.56,562.68,54.21
79,2021-02-12,5.0,2643.59,23.25,67.17,220.3,22.89,404.54,469.88,32.42
80,2021-02-13,5.0,2563.48,23.02,33.93,205.99,32.42,469.21,521.28,31.67
81,2021-02-14,5.0,2563.48,20.34,42.5,220.3,30.99,357.99,405.56,73.97
82,2021-02-15,5.0,2536.77,17.21,47.98,220.3,41.49,355.42,401.56,36.99
83,2021-02-16,5.0,2964.02,29.06,69.92,197.41,53.88,422.73,475.85,99.3
84,2021-02-17,5.0,2777.1,20.56,69.92,175.95,38.62,359.4,422.53,80.05
85,2021-02-18,5.0,2216.34,9.84,43.87,205.99,33.85,350.73,385.14,27.11
86,2021-02-19,5.0,2910.61,42.02,59.63,200.27,35.76,353.48,402.78,34.96
87,2021-02-20,5.0,1842.5,8.16,32.9,200.27,51.5,346.0,377.99,30.4
88,2021-02-21,5.0,2216.34,3.74,36.67,203.13,32.9,354.71,398.11,29.13
89,2021-02-22,5.0,2510.07,2.71,49.35,197.41,36.24,385.05,408.67,39.52
90,2021-02-23,5.0,2296.45,13.19,51.41,194.55,36.72,320.71,377.77,40.03
91,2021-02-24,5.0,1682.28,5.25,38.04,205.99,30.52,223.77,253.46,26.6
92,2021-02-25,5.0,1028.06,3.55,19.71,185.97,39.1,156.72,177.91,23.31
93,2021-02-26,5.0,1014.71,2.24,24.68,188.83,35.76,124.23,142.78,24.32
94,2021-02-27,5.0,1201.63,4.69,24.68,138.76,19.55,117.56,152.35,24.83
95,2021-02-28,5.0,1054.76,3.3,22.62,143.05,33.38,93.88,148.12,28.37
96,2021-03-01,5.0,1014.71,4.02,22.96,178.81,34.33,75.41,111.17,26.35
97,2021-03-02,5.0,867.84,1.87,15.59,191.69,24.8,92.52,111.2,21.28
98,2021-03-03,5.0,2456.67,2.71,49.35,188.83,42.44,232.49,290.49,45.6
99,2021-03-04,5.0,2803.8,32.63,50.72,243.19,38.62,285.22,347.47,55.73
100,2021-03-05,5.0,2002.72,6.31,42.84,220.3,40.05,186.84,237.63,35.97
101,2021-03-06,5.0,1735.69,1.55,40.44,163.08,27.42,138.68,185.61,40.03
102,2021-03-07,5.0,2216.34,30.4,50.04,234.6,36.72,187.85,230.18,100.32
103,2021-03-08,5.0,988.01,0.52,9.85,208.86,20.74,179.41,197.14,24.32
104,2021-03-09,5.0,3284.45,2.01,84.31,214.58,79.16,311.99,407.63,101.33
105,2021-03-10,5.0,2029.42,6.65,39.76,214.58,64.85,231.98,282.86,37.49
106,2021-03-11,5.0,2937.32,37.1,47.3,283.24,49.59,267.28,328.84,43.06
107,2021-03-12,5.0,1708.98,6.15,41.13,171.66,32.9,193.19,242.78,35.47
108,2021-03-13,5.0,1922.61,4.92,40.44,131.61,21.7,139.03,175.79,41.04
109,2021-03-14,5.0,1735.69,3.8,35.64,168.8,17.41,133.45,164.97,37.49
110,2021-03-15,5.0,1762.39,5.76,39.07,185.97,26.7,149.19,209.14,33.44
111,2021-03-16,5.0,1615.52,2.35,37.36,205.99,33.38,172.48,259.56,32.93
112,2021-03-17,5.0,2216.34,4.69,48.67,191.69,32.42,196.22,334.37,45.09
113,2021-03-18,5.0,2536.77,25.26,41.47,260.35,33.85,240.74,375.13,41.04
114,2021-03-19,5.0,1188.28,3.3,27.08,191.69,37.67,210.01,262.31,26.09
115,2021-03-20,5.0,1214.98,3.52,27.42,177.38,17.17,134.44,161.55,28.37
116,2021-03-21,5.0,1762.39,4.97,40.1,228.88,29.09,136.63,188.17,43.06
117,2021-03-22,5.0,2803.8,23.02,60.32,251.77,88.69,210.81,273.8,123.62
118,2021-03-23,5.0,2243.04,27.27,33.93,254.63,60.08,174.65,227.07,36.48
119,2021-03-24,5.0,961.3,2.63,27.42,167.37,54.84,145.34,165.25,21.53
120,2021-03-25,5.0,747.68,2.15,15.42,168.8,23.13,80.25,110.72,22.29
121,2021-03-26,5.0,2136.23,2.4,47.3,194.55,29.8,192.09,252.89,39.01
122,2021-03-27,5.0,2243.04,17.43,43.53,263.21,38.62,207.02,262.82,38.51
123,2021-03-28,5.0,2189.64,18.33,41.47,248.91,52.93,185.76,229.27,51.17
124,2021-03-29,5.0,2510.07,14.53,59.63,240.33,45.3,214.32,308.21,81.06
125,2021-03-30,5.0,2857.21,27.72,61.69,303.27,42.44,268.35,367.7,97.28
126,2021-03-31,5.0,921.25,0.77,14.91,194.55,39.1,157.89,222.33,24.07
127,2021-04-01,5.0,1228.33,1.65,29.13,203.13,34.33,86.99,115.39,28.63
128,2021-04-02,5.0,1174.93,3.63,28.1,220.3,31.95,84.66,111.9,27.87
129,2021-04-03,5.0,974.66,2.52,20.39,246.05,34.33,87.46,103.4,27.87
130,2021-04-04,5.0,1041.41,3.58,22.28,220.3,34.33,71.14,98.29,28.37
131,2021-04-05,5.0,2403.26,17.21,43.87,317.57,40.05,167.76,225.82,39.52
132,2021-04-06,5.0,1375.2,1.01,37.36,240.33,26.7,135.19,163.38,29.39
133,2021-04-07,5.0,1054.76,0.55,16.28,231.74,27.9,166.37,188.75,26.6
134,2021-04-08,5.0,2536.77,15.42,50.72,257.49,39.1,247.93,306.55,86.13
135,2021-04-09,5.0,921.25,1.69,18.51,268.94,44.82,121.04,153.01,24.83
136,2021-04-10,5.0,947.95,2.77,20.91,288.96,42.92,117.88,141.56,26.35
137,2021-04-11,5.0,1094.82,4.19,23.31,240.33,23.84,74.4,100.92,27.36
138,2021-04-12,5.0,1054.76,2.74,24.68,237.47,39.1,88.38,130.45,27.36
139,2021-04-13,5.0,1482.01,4.86,33.24,220.3,37.67,106.87,167.78,32.93
140,2021-04-14,5.0,1815.8,7.94,37.36,274.66,35.29,144.81,204.59,33.44
141,2021-04-15,5.0,1695.63,2.1,52.09,208.86,37.19,118.53,175.78,42.56
142,2021-04-16,5.0,2590.18,16.99,77.46,323.3,60.08,213.65,273.12,71.94
143,2021-04-17,5.0,1628.88,0.27,37.01,178.81,20.27,149.06,180.91,38.0
144,2021-04-18,5.0,1642.23,4.64,37.36,240.33,66.76,115.34,147.95,46.1
145,2021-04-19,5.0,1094.82,1.72,24.68,188.83,26.94,72.49,108.8,27.61
146,2021-04-20,5.0,1922.61,9.72,42.5,294.69,42.44,127.96,174.02,35.47
147,2021-04-21,5.0,1054.76,0.27,20.74,140.19,16.69,56.12,82.22,28.63
148,2021-04-22,5.0,787.74,0.96,9.94,191.69,15.14,74.62,81.26,17.99
149,2021-04-23,5.0,1642.23,8.49,36.33,185.97,22.41,91.01,123.01,33.44
150,2021-04-24,5.0,921.25,1.82,14.05,191.69,16.69,56.67,93.19,27.36
151,2021-04-25,5.0,1949.31,1.17,40.44,237.47,38.62,131.49,178.45,41.54
152,2021-04-26,5.0,2403.26,7.38,53.47,283.24,46.73,153.96,211.93,45.6
153,2021-04-27,5.0,2323.15,9.5,59.63,306.13,50.07,172.13,233.63,71.94
154,2021-04-28,5.0,3070.83,14.53,56.89,300.41,39.1,235.02,301.18,38.51
155,2021-04-29,5.0,1241.68,1.05,14.22,246.05,25.99,154.41,175.75,28.12
156,2021-04-30,5.0,1028.06,0.34,12.51,217.44,16.69,138.9,155.73,25.33
157,2021-05-01,5.0,1148.22,0.84,22.28,191.69,16.69,105.31,125.9,27.36
158,2021-05-02,5.0,1562.12,1.17,32.56,185.97,25.27,137.64,169.43,39.52
159,2021-05-03,5.0,1401.9,1.82,22.62,173.09,22.17,141.53,166.0,31.92
160,2021-05-04,5.0,1241.68,2.35,20.22,175.95,25.51,140.14,163.43,25.33
161,2021-05-05,5.0,947.95,0.39,6.08,211.72,17.88,101.85,111.37,13.68
162,2021-05-06,5.0,907.9,0.32,8.23,194.55,12.64,94.58,101.71,14.82
163,2021-05-07,5.0,1548.77,0.18,28.79,173.09,18.6,115.12,147.1,32.93
164,2021-05-08,5.0,1628.88,0.76,34.27,188.83,21.46,142.45,175.14,36.99
165,2021-05-09,5.0,1014.71,0.57,10.45,200.27,12.99,136.71,149.53,24.07
166,2021-05-10,5.0,1735.69,1.29,32.9,211.72,20.27,150.93,187.34,36.99
167,2021-05-11,5.0,1455.31,1.48,20.05,217.44,20.74,187.17,209.71,27.36
168,2021-05-12,5.0,1976.01,0.78,45.93,185.97,41.49,138.74,163.29,63.33
169,2021-05-13,5.0,1468.66,0.43,22.28,178.81,18.6,93.31,111.5,17.48
170,2021-05-14,5.0,1895.9,2.07,39.07,200.27,20.5,131.36,167.28,35.97
171,2021-05-15,5.0,1815.8,1.58,36.33,226.02,27.18,138.06,176.72,34.96
172,2021-05-16,5.0,1548.77,1.22,34.96,191.69,22.17,138.22,191.14,39.52
173,2021-05-17,5.0,1949.31,3.38,41.81,217.44,39.1,178.91,237.86,37.49
174,2021-05-18,5.0,1094.82,2.24,24.68,183.11,18.6,108.84,168.05,24.83
175,2021-05-19,5.0,974.66,0.17,18.34,104.43,15.97,129.73,166.27,18.49
176,2021-05-20,5.0,934.6,0.25,16.11,80.82,9.3,51.86,66.99,6.46
177,2021-05-21,5.0,2136.23,2.52,45.93,144.48,22.41,123.81,159.2,22.55
178,2021-05-22,5.0,2216.34,3.8,41.13,237.47,38.15,212.1,282.27,34.45
179,2021-05-23,5.0,2243.04,11.74,34.96,217.44,31.47,225.02,288.32,24.57
180,2021-05-24,5.0,1054.76,2.01,17.99,197.41,20.27,122.51,186.82,25.08
181,2021-05-25,5.0,1255.04,1.82,17.48,306.13,39.1,168.74,191.93,27.36
182,2021-05-26,5.0,1241.68,1.41,11.48,135.9,9.78,174.74,192.9,15.45
183,2021-05-27,4.0,634.19,0.62,11.14,76.53,7.03,27.23,33.69,14.82
184,2021-05-28,4.0,834.47,1.16,21.94,124.45,19.31,39.82,47.76,9.63
185,2021-05-29,4.0,801.09,0.35,15.77,90.84,7.03,25.96,37.14,7.66
186,2021-05-30,4.0,807.76,0.83,16.11,100.14,7.63,27.3,37.84,13.17
187,2021-05-31,5.0,1148.22,1.47,27.42,185.97,17.88,86.82,125.22,25.33
188,2021-06-01,5.0,1148.22,1.19,22.62,171.66,19.07,114.29,154.69,15.96
189,2021-06-02,5.0,2429.96,3.1,46.61,214.58,29.33,245.97,317.05,39.01
190,2021-06-03,5.0,2216.34,12.52,46.61,254.63,32.42,237.74,303.49,36.48
191,2021-06-04,5.0,2162.93,7.71,44.55,205.99,34.81,234.82,298.76,32.42
192,2021-06-05,5.0,1081.47,0.59,28.79,127.32,20.03,128.6,168.87,24.07
193,2021-06-06,5.0,814.44,1.9,16.62,145.91,16.21,84.19,109.15,21.53
194,2021-06-07,5.0,2429.96,1.96,76.77,174.52,45.3,153.44,229.04,101.33
195,2021-06-08,5.0,3231.05,3.86,94.59,194.55,61.99,216.53,290.56,125.65
196,2021-06-09,5.0,821.11,0.95,12.0,143.05,9.42,82.37,111.43,24.83
197,2021-06-10,5.0,1508.71,0.13,23.65,108.72,14.42,83.5,88.58,22.04
198,2021-06-11,5.0,1148.22,0.48,10.37,175.95,13.59,90.98,100.99,10.89
199,2021-06-12,5.0,1028.06,0.33,9.0,98.71,7.87,96.69,106.7,8.49
200,2021-06-13,2.0,640.87,0.23,6.77,35.05,4.17,19.77,23.73,6.46
201,2021-06-14,3.0,674.25,0.16,12.0,65.8,9.54,20.94,26.18,5.19
202,2021-06-15,4.0,1094.82,3.74,24.68,60.8,13.71,46.11,64.97,12.03
203,2021-06-16,5.0,2136.23,28.16,24.33,180.24,22.65,86.55,105.41,17.23
204,2021-06-17,4.0,734.33,0.49,10.88,80.11,8.46,33.34,38.23,6.4
205,2021-06-18,4.0,660.9,0.18,9.94,75.1,9.89,37.43,40.47,4.43
206,2021-06-19,4.0,747.68,0.1,15.77,75.1,12.16,36.63,38.38,5.64
207,2021-06-20,4.0,774.38,0.43,18.34,82.97,14.54,37.26,40.24,5.95
208,2021-06-21,5.0,1441.96,8.83,30.16,181.68,17.41,78.66,103.11,15.83
209,2021-06-22,5.0,1094.82,1.16,20.56,118.73,13.47,77.88,91.39,11.4
210,2021-06-23,5.0,974.66,0.22,14.05,94.41,8.11,70.67,81.96,7.79
211,2021-06-24,5.0,1348.5,0.35,26.39,69.38,12.64,53.62,78.06,12.92
212,2021-06-25,5.0,1762.39,9.28,25.36,101.57,18.6,94.39,108.24,53.7
213,2021-06-26,5.0,1174.93,1.57,19.71,121.59,6.97,60.03,78.9,11.78
214,2021-06-27,4.0,814.44,0.2,9.94,92.98,6.44,32.32,35.09,7.22
215,2021-06-28,5.0,2483.37,0.35,73.34,98.71,48.64,129.22,177.19,116.53
216,2021-06-29,5.0,2349.85,5.2,49.35,157.36,21.46,134.22,165.68,48.13
217,2021-06-30,5.0,2056.12,2.21,62.38,231.74,23.6,148.28,271.76,32.17
218,2021-07-01,5.0,747.68,0.99,25.02,140.19,17.17,48.07,149.42,20.01
219,2021-07-02,4.0,447.27,0.91,15.42,94.41,20.5,37.1,92.36,12.03
220,2021-07-03,5.0,947.95,0.44,27.42,67.23,13.71,69.07,125.54,15.45
221,2021-07-04,5.0,961.3,4.19,21.94,143.05,14.54,83.82,142.28,12.03
222,2021-07-05,5.0,974.66,2.21,14.4,170.23,20.03,109.88,127.74,15.07
223,2021-07-06,5.0,1094.82,1.38,25.36,183.11,26.23,138.23,183.36,19.25
224,2021-07-07,5.0,974.66,2.38,25.71,144.48,22.41,135.24,201.46,21.03
225,2021-07-08,5.0,1174.93,4.36,26.39,49.35,8.94,77.62,122.7,14.57
226,2021-07-09,5.0,1214.98,1.09,26.73,75.1,8.23,55.1,58.31,6.97
227,2021-07-10,4.0,774.38,0.2,7.11,94.41,5.96,39.04,39.84,7.03
228,2021-07-11,4.0,660.9,0.23,9.43,70.1,6.08,35.34,38.87,5.7
229,2021-07-12,4.0,567.44,0.37,8.31,103.0,6.97,36.34,43.21,6.78
230,2021-07-13,5.0,667.57,0.71,6.86,145.91,7.87,88.49,94.1,8.11
231,2021-07-14,5.0,707.63,0.27,8.23,133.04,9.78,92.71,98.78,7.98
232,2021-07-15,5.0,727.65,0.55,8.05,143.05,9.06,69.64,74.93,6.52
233,2021-07-16,5.0,774.38,0.99,10.03,164.51,9.66,108.47,119.69,9.5
234,2021-07-17,5.0,827.79,1.45,16.45,113.01,12.04,106.99,117.51,8.87
235,2021-07-18,4.0,720.98,1.15,13.02,42.56,12.88,46.65,48.42,6.33
236,2021-07-19,5.0,1148.22,1.72,35.64,62.94,17.64,54.34,81.59,18.49
237,2021-07-20,4.0,881.2,2.26,27.76,47.92,18.84,43.75,56.85,8.74
238,2021-07-21,4.0,614.17,2.01,19.71,100.14,17.88,43.49,49.76,6.84
239,2021-07-22,5.0,1335.14,0.52,16.28,114.44,7.99,83.52,85.47,6.52
240,2021-07-23,5.0,1708.98,0.78,38.04,131.61,15.02,117.74,149.41,18.75
241,2021-07-24,5.0,847.82,0.51,9.43,105.86,5.78,66.59,76.6,8.36
242,2021-07-25,5.0,600.82,0.53,5.83,157.36,6.91,90.21,95.3,8.99
243,2021-07-26,5.0,734.33,0.47,18.34,100.14,9.54,73.15,78.59,8.23
244,2021-07-27,4.0,807.76,3.58,21.94,65.09,18.6,46.68,55.58,8.87
245,2021-07-28,4.0,654.22,2.63,20.39,77.96,16.69,34.64,40.28,6.02
246,2021-07-29,4.0,720.98,4.69,14.05,87.98,10.13,48.12,52.85,7.92
247,2021-07-30,4.0,587.46,0.59,11.14,91.55,8.7,38.26,45.76,7.6
248,2021-07-31,5.0,867.84,0.94,10.97,82.97,6.2,59.21,67.84,7.47
249,2021-08-01,4.0,467.3,1.15,8.4,66.52,5.96,29.54,30.08,4.31
250,2021-08-02,4.0,397.21,1.82,6.51,94.41,7.87,32.52,37.1,6.14
251,2021-08-03,4.0,494.0,1.7,12.17,72.24,7.51,30.93,35.48,11.53
252,2021-08-04,3.0,494.0,2.07,15.25,66.52,11.8,21.59,31.13,9.63
253,2021-08-05,4.0,567.44,2.15,17.65,94.41,12.64,46.1,53.35,8.36
254,2021-08-06,5.0,834.47,1.65,16.97,74.39,10.25,67.42,73.58,6.33
255,2021-08-07,5.0,754.36,0.48,13.71,70.81,7.33,98.02,101.29,6.27
256,2021-08-08,5.0,781.06,0.88,12.85,49.35,7.33,73.97,75.63,5.0
257,2021-08-09,5.0,1468.66,0.51,26.39,57.22,26.46,80.06,89.72,7.35
258,2021-08-10,5.0,1602.17,1.75,21.59,100.14,19.31,115.56,122.15,7.73
259,2021-08-11,5.0,2616.88,23.92,56.89,67.23,48.16,161.08,238.65,85.12
260,2021-08-12,5.0,1869.2,6.04,42.5,59.37,18.36,118.56,166.89,16.21
261,2021-08-13,5.0,1321.79,3.1,28.79,68.67,18.12,67.61,91.22,11.15
262,2021-08-14,4.0,687.6,1.24,21.59,70.1,13.47,30.92,43.03,10.77
263,2021-08-15,4.0,747.68,1.24,17.48,89.41,10.85,43.62,68.77,11.53
264,2021-08-16,5.0,2483.37,18.11,45.24,185.97,25.51,176.99,266.44,30.15
265,2021-08-17,5.0,2510.07,22.35,32.56,171.66,18.84,184.46,272.02,31.41
266,2021-08-18,5.0,1188.28,0.56,15.59,120.16,8.94,94.56,103.22,8.49
267,2021-08-19,5.0,907.9,0.38,14.22,46.49,9.06,73.91,81.96,5.38
268,2021-08-20,5.0,894.55,0.4,14.4,67.23,8.58,75.31,76.86,3.29
269,2021-08-21,5.0,807.76,0.37,10.28,90.12,8.7,80.73,84.93,4.75
270,2021-08-22,5.0,1321.79,3.91,23.99,67.95,12.52,97.54,125.48,11.27
271,2021-08-23,5.0,1255.04,9.61,23.99,44.7,20.03,101.87,122.3,10.77
272,2021-08-24,5.0,1388.55,21.91,27.08,58.65,19.55,77.89,100.33,17.48
273,2021-08-25,4.0,720.98,0.55,20.22,52.21,18.6,43.8,80.37,13.55
274,2021-08-26,5.0,754.36,0.8,23.31,76.53,15.26,45.61,104.31,15.07
275,2021-08-27,5.0,674.25,3.07,18.17,117.3,20.03,63.75,85.05,10.51
276,2021-08-28,5.0,961.3,2.52,20.56,56.51,10.13,82.05,89.89,10.39
277,2021-08-29,5.0,947.95,0.48,10.11,107.29,7.51,79.72,86.27,5.76
278,2021-08-30,3.0,540.73,0.36,8.57,67.23,6.86,24.46,28.88,5.07
279,2021-08-31,5.0,720.98,0.56,15.77,49.35,8.7,77.14,84.99,5.57
280,2021-09-01,5.0,1789.09,7.6,40.44,123.02,16.69,164.99,209.13,20.27
281,2021-09-02,5.0,1335.14,1.79,27.76,134.47,18.84,173.92,192.14,14.44
282,2021-09-03,5.0,2056.12,26.6,34.62,55.08,19.31,122.59,178.01,26.85
283,2021-09-04,5.0,1495.36,5.64,29.82,124.45,20.03,118.64,144.95,13.68
284,2021-09-05,5.0,2082.82,7.15,40.1,138.76,19.31,169.88,212.26,19.25
285,2021-09-06,5.0,1949.31,7.6,23.65,82.97,11.09,167.79,207.38,19.0
286,2021-09-07,5.0,1108.17,0.55,7.28,114.44,6.86,55.07,62.77,5.83
287,2021-09-08,5.0,594.14,0.59,9.17,80.82,7.33,52.13,56.96,5.13
288,2021-09-09,5.0,854.49,0.63,14.22,84.4,7.99,77.17,81.44,4.62
289,2021-09-10,5.0,834.47,0.11,9.51,80.82,7.75,83.04,87.78,5.0
290,2021-09-11,5.0,834.47,0.74,8.23,114.44,6.68,93.0,94.74,5.0
291,2021-09-12,5.0,907.9,1.82,12.17,94.41,9.54,61.69,70.08,7.73
292,2021-09-13,5.0,934.6,2.04,11.31,105.86,8.11,61.21,70.47,8.23
293,2021-09-14,3.0,620.84,0.62,5.91,90.12,4.95,20.15,24.23,5.95
294,2021-09-15,1.0,370.5,0.44,4.97,53.64,3.34,9.37,9.94,3.17
295,2021-09-16,4.0,607.49,0.25,16.97,34.33,11.33,37.8,39.11,1.43
296,2021-09-17,4.0,620.84,2.12,19.71,35.05,12.64,44.03,46.92,3.1
297,2021-09-18,5.0,947.95,4.75,22.96,145.91,7.33,81.09,83.24,7.35
298,2021-09-19,5.0,988.01,2.54,25.71,125.89,10.13,84.09,92.27,15.58
299,2021-09-20,5.0,1268.39,5.76,14.22,141.62,11.8,148.64,165.43,11.15
300,2021-09-21,5.0,1255.04,0.52,14.74,115.87,12.28,169.88,173.67,7.98
301,2021-09-22,5.0,787.74,0.57,13.54,85.83,9.3,65.68,73.59,7.47
302,2021-09-23,5.0,620.84,0.88,8.48,114.44,7.63,57.32,60.35,6.33
303,2021-09-24,5.0,881.2,0.29,18.68,70.1,9.3,58.88,62.08,5.0
304,2021-09-25,5.0,921.25,0.15,14.22,69.38,9.54,74.89,80.44,5.13
305,2021-09-26,5.0,1001.36,0.1,20.05,83.69,7.33,105.97,108.17,9.12
306,2021-09-27,5.0,794.41,1.26,9.34,127.32,8.35,85.48,90.31,6.33
307,2021-09-28,5.0,841.14,0.5,8.05,137.33,7.87,92.46,99.36,5.89
308,2021-09-29,5.0,854.49,1.09,10.28,143.05,7.99,86.34,93.2,6.02
309,2021-09-30,5.0,1762.39,14.75,38.73,117.3,14.66,125.9,167.81,18.24
310,2021-10-01,5.0,1815.8,14.08,42.16,90.84,17.64,127.78,164.52,14.31
311,2021-10-02,5.0,1535.42,2.77,29.13,118.73,39.1,172.84,187.27,11.4
312,2021-10-03,5.0,1081.47,1.7,16.11,120.16,10.01,129.88,144.79,9.25
313,2021-10-04,5.0,1495.36,4.53,32.56,150.2,15.74,94.98,129.77,12.29
314,2021-10-05,5.0,2777.1,16.09,65.12,145.91,25.03,265.8,316.18,28.88
315,2021-10-06,5.0,3845.22,36.21,65.12,188.83,54.36,344.75,422.79,89.17
316,2021-10-07,5.0,3845.22,35.76,57.58,191.69,58.65,349.92,425.35,114.5
317,2021-10-08,5.0,3177.64,17.66,55.52,191.69,32.9,283.55,364.44,30.4
318,2021-10-09,5.0,2456.67,19.45,42.5,180.24,19.31,232.17,295.94,20.27
319,2021-10-10,5.0,2883.91,20.56,57.58,223.16,32.9,272.1,366.48,67.89
320,2021-10-11,5.0,3952.03,31.29,108.3,214.58,78.2,409.75,526.16,141.86
321,2021-10-12,5.0,4058.84,46.94,108.3,294.69,77.25,465.75,560.52,154.02
322,2021-10-13,5.0,3791.81,27.72,55.52,254.63,42.92,425.26,520.03,48.13
323,2021-10-14,5.0,2136.23,2.12,41.47,251.77,41.96,255.92,331.81,25.08
324,2021-10-15,5.0,3738.4,20.34,81.57,248.91,52.45,381.3,467.34,91.2
325,2021-10-16,5.0,3471.37,16.76,67.86,170.23,51.5,364.77,442.66,108.42
326,2021-10-17,5.0,1094.82,1.03,9.77,157.36,7.45,185.87,196.75,8.23
327,2021-10-18,5.0,787.74,0.19,9.6,98.71,6.26,60.04,62.6,4.24
328,2021-10-19,5.0,947.95,1.16,17.99,117.3,17.41,78.36,89.54,11.4
329,2021-10-20,5.0,1361.85,1.47,27.08,167.37,27.9,172.63,192.9,18.75
330,2021-10-21,5.0,1214.98,2.49,22.28,191.69,33.85,125.12,172.64,18.75
331,2021-10-22,5.0,1281.74,2.93,29.13,183.11,20.03,128.76,173.88,19.51
332,2021-10-23,5.0,2563.48,8.72,72.66,197.41,49.59,199.38,254.76,96.26
333,2021-10-24,5.0,2216.34,2.63,76.08,151.63,41.49,240.64,272.59,82.08
334,2021-10-25,5.0,1695.63,7.6,25.36,174.52,32.42,205.49,237.88,21.79
335,2021-10-26,5.0,1375.2,8.38,30.5,168.8,25.51,147.14,191.04,22.29
336,2021-10-27,5.0,1895.9,3.16,50.72,185.97,25.03,150.8,194.93,29.64
337,2021-10-28,5.0,3471.37,11.06,101.45,246.05,58.65,328.49,406.73,83.09
338,2021-10-29,5.0,3017.43,33.98,89.11,246.05,42.92,317.58,376.25,58.77
339,2021-10-30,5.0,1455.31,3.58,27.76,183.11,22.89,184.15,203.62,20.77
340,2021-10-31,5.0,1628.88,1.96,30.85,217.44,30.52,160.04,194.57,25.84
341,2021-11-01,5.0,4005.43,40.68,105.56,234.6,70.57,353.97,438.42,114.5
342,2021-11-02,5.0,4005.43,18.55,111.04,200.27,72.48,362.1,444.68,141.86
343,2021-11-03,5.0,3337.86,29.95,74.71,223.16,35.29,310.4,391.41,57.25
344,2021-11-04,5.0,3017.43,21.46,65.8,211.72,37.67,306.65,364.95,65.86
345,2021-11-05,5.0,2937.32,33.53,54.84,208.85,28.85,332.25,372.21,35.46
346,2021-11-06,5.0,1735.69,3.13,26.73,260.35,39.58,296.6,329.6,20.52
347,2021-11-07,5.0,2616.88,1.17,29.13,271.8,24.08,305.28,350.37,25.59
348,2021-11-08,5.0,3685.0,19.0,45.93,300.41,41.96,418.83,481.03,36.98
349,2021-11-09,5.0,3685.0,16.76,62.38,294.69,58.65,388.27,439.19,37.49
350,2021-11-10,5.0,3150.94,7.15,89.11,266.08,65.8,371.43,426.41,64.85
351,2021-11-11,5.0,3097.53,25.93,85.68,220.3,53.88,404.87,444.0,64.34
352,2021-11-12,5.0,3364.56,12.41,90.48,266.08,52.45,550.1,595.83,60.8
353,2021-11-13,5.0,2696.99,9.16,52.78,191.69,66.76,392.31,427.36,32.93
354,2021-11-14,5.0,2670.29,19.89,52.78,203.13,30.52,318.49,365.46,91.2
355,2021-11-15,5.0,2456.67,18.55,47.98,191.69,42.44,280.76,320.39,83.09
356,2021-11-16,5.0,2857.21,33.08,52.78,194.55,40.05,384.19,434.16,29.13
357,2021-11-17,5.0,3231.05,18.1,106.93,167.37,49.59,354.74,430.89,103.35
358,2021-11-18,5.0,2670.29,9.28,61.01,158.79,22.17,331.58,382.53,49.14
359,2021-11-19,5.0,1602.17,4.41,35.3,164.51,45.78,348.68,378.51,24.07
360,2021-11-20,5.0,1815.8,1.41,47.98,97.27,16.21,254.78,283.62,25.59
361,2021-11-21,5.0,2189.64,15.65,27.42,211.72,51.5,447.05,481.7,18.49
362,2021-11-22,5.0,1588.82,2.49,23.65,200.27,32.42,257.14,278.59,21.03
363,2021-11-23,5.0,3524.78,23.69,73.34,194.55,36.72,352.13,430.23,43.57
364,2021-11-24,5.0,3631.59,37.1,90.48,217.44,50.54,381.13,444.17,88.16
365,2021-11-25,5.0,3284.45,27.05,65.8,226.02,49.11,413.92,467.86,117.54
366,2021-11-26,5.0,3124.24,40.23,78.83,217.44,57.22,420.52,473.06,53.2
367,2021-11-27,5.0,2777.1,22.13,85.68,200.27,61.99,409.0,446.85,96.26
368,2021-11-28,5.0,2429.96,14.31,52.78,214.58,37.19,397.92,448.93,44.08
369,2021-11-29,5.0,2777.1,29.5,52.78,191.69,52.93,412.07,461.68,26.85
370,2021-11-30,5.0,3070.83,6.93,80.2,205.99,35.76,431.64,488.17,49.14
371,2021-12-01,5.0,3097.53,15.2,52.09,223.16,31.95,480.74,529.9,27.36
372,2021-12-02,5.0,3204.35,48.73,40.44,200.27,27.18,600.19,654.33,17.99
373,2021-12-03,5.0,3150.94,37.55,57.58,97.27,31.95,449.76,481.98,61.81
374,2021-12-04,5.0,3364.56,44.26,79.51,171.66,56.74,403.06,428.2,113.49
375,2021-12-05,5.0,2590.18,13.86,69.92,134.47,38.15,305.78,350.31,102.34
376,2021-12-06,5.0,1482.01,2.96,37.01,117.3,19.55,154.71,172.95,23.56
377,2021-12-07,5.0,1361.85,7.49,33.24,138.76,48.64,119.68,147.45,26.35
378,2021-12-08,5.0,2937.32,10.95,72.66,155.93,40.53,263.93,322.01,45.6
379,2021-12-09,5.0,3070.83,20.34,61.01,205.99,38.15,348.44,394.97,36.98
380,2021-12-10,5.0,2082.82,5.2,38.39,181.67,74.39,280.46,313.55,24.32
381,2021-12-11,5.0,1976.01,2.96,41.81,163.08,30.99,239.68,264.47,25.08
382,2021-12-12,5.0,3150.94,22.8,104.19,180.24,83.92,295.46,353.69,135.78
383,2021-12-13,5.0,3631.59,26.82,97.33,188.83,70.57,396.67,432.46,131.73
384,2021-12-14,5.0,3124.24,29.06,85.68,183.11,63.9,352.13,408.73,131.73
385,2021-12-15,5.0,2857.21,16.76,63.06,148.77,32.42,386.31,407.91,31.16
386,2021-12-16,5.0,2723.69,14.75,60.32,143.05,34.33,267.72,318.69,33.94
387,2021-12-17,5.0,1201.63,4.02,32.22,110.15,50.07,170.48,186.26,18.24
388,2021-12-18,5.0,961.3,3.3,18.85,161.65,19.31,133.61,146.89,19.51
389,2021-12-19,5.0,1428.6,3.97,24.33,167.37,26.46,188.67,213.22,20.01
390,2021-12-20,5.0,2456.67,6.09,54.15,197.41,37.67,306.33,351.34,31.16
391,2021-12-21,5.0,2510.07,6.31,45.93,214.58,49.11,369.87,419.26,27.87
392,2021-12-22,5.0,3391.27,8.27,74.71,228.88,70.57,506.84,575.84,40.53
393,2021-12-23,5.0,4005.43,34.42,93.22,168.8,78.2,505.35,553.46,78.02
394,2021-12-24,5.0,3417.97,22.35,71.29,191.69,41.96,394.94,451.26,79.04
395,2021-12-25,5.0,2429.96,18.33,63.75,200.27,29.09,356.58,387.82,53.7
396,2021-12-26,5.0,2349.85,24.36,27.42,170.23,13.83,325.63,355.95,23.05
397,2021-12-27,5.0,2536.77,18.1,78.14,150.2,31.95,233.16,282.69,57.25
398,2021-12-28,5.0,1708.98,5.14,35.64,88.69,24.8,202.98,220.75,15.96
399,2021-12-29,5.0,827.79,0.75,14.22,81.54,10.49,88.28,91.31,8.61
400,2021-12-30,5.0,2964.02,51.86,40.78,78.68,34.81,184.37,237.92,61.3
401,2021-12-31,5.0,2483.37,36.66,52.78,155.93,47.68,261.66,293.94,23.31
402,2022-01-01,5.0,2162.93,8.16,53.47,183.11,47.68,339.23,373.33,32.42
403,2022-01-02,5.0,2563.48,8.16,65.8,183.11,43.87,355.81,391.92,54.21
404,2022-01-03,5.0,2883.91,5.87,60.32,200.27,39.1,414.36,474.95,24.07
405,2022-01-04,5.0,3417.97,24.14,83.63,228.88,45.78,408.41,464.35,69.92
406,2022-01-05,5.0,3311.16,21.9,69.92,153.06,35.29,406.06,449.7,77.01
407,2022-01-06,5.0,1815.8,0.52,25.7,138.76,8.82,419.63,429.5,9.5
408,2022-01-07,5.0,1415.25,1.1,25.02,104.43,12.76,238.1,240.4,10.13
409,2022-01-08,5.0,1121.52,0.6,14.74,80.11,7.45,121.9,132.37,6.21
410,2022-01-09,5.0,1695.63,17.88,32.22,76.53,16.69,155.09,182.84,42.56
411,2022-01-10,5.0,2349.85,22.8,34.27,64.37,36.24,147.58,181.11,23.31
412,2022-01-11,5.0,2403.26,26.6,44.55,87.26,39.1,181.56,223.94,26.85
413,2022-01-12,5.0,1522.06,6.59,32.9,135.9,30.52,237.69,263.31,17.23
414,2022-01-13,5.0,2990.72,25.93,70.6,164.51,39.1,305.39,364.53,58.77
415,2022-01-14,5.0,2777.1,14.98,76.09,177.38,51.98,323.92,379.8,44.58
416,2022-01-15,5.0,2189.64,5.48,58.95,171.66,36.24,299.99,327.46,38.0
417,2022-01-16,5.0,2349.85,4.58,53.47,134.47,25.03,264.07,306.45,40.02
418,2022-01-17,5.0,3417.97,24.59,65.8,175.95,39.58,415.55,496.58,61.3
419,2022-01-18,5.0,2643.59,10.73,47.3,157.36,20.98,431.66,468.0,13.93
420,2022-01-19,5.0,2429.96,16.76,44.55,148.77,41.96,436.33,472.45,29.13
421,2022-01-20,5.0,2536.77,27.05,57.58,155.93,41.96,362.57,385.78,38.0
422,2022-01-21,5.0,2723.69,1.93,80.2,157.36,51.5,395.96,444.43,103.35
423,2022-01-22,5.0,1895.9,0.29,23.99,131.61,10.25,332.79,359.2,9.75
424,2022-01-23,5.0,1441.96,0.0,5.91,100.14,6.08,390.07,397.53,2.25
425,2022-01-24,5.0,1842.5,2.01,39.41,100.14,29.56,210.87,222.02,15.33
426,2022-01-25,5.0,1548.77,6.2,28.1,147.34,29.56,171.12,192.81,20.52
427,2022-01-26,5.0,1455.31,5.25,34.96,143.05,31.47,160.85,179.07,21.28
428,2022-01-27,5.0,1375.2,6.54,26.73,151.63,21.22,188.49,212.3,14.44
429,2022-01-28,5.0,934.6,3.16,24.33,151.63,28.13,117.26,130.16,16.97
430,2022-01-29,5.0,1001.36,5.7,19.19,155.93,35.29,128.1,147.19,12.79
431,2022-01-30,5.0,1134.87,2.29,26.73,150.2,16.21,115.35,142.65,13.81
432,2022-01-31,5.0,3044.13,45.15,84.31,217.44,43.39,381.3,453.65,63.33
433,2022-02-01,5.0,2830.51,26.6,41.47,180.24,39.58,495.07,562.83,14.82
434,2022-02-02,5.0,2536.77,5.48,106.93,197.41,71.53,431.23,487.36,124.63
435,2022-02-03,5.0,1468.66,0.34,14.74,183.11,21.46,406.95,443.99,6.9
436,2022-02-04,5.0,1174.93,1.47,18.85,145.91,22.41,93.52,107.23,13.68
437,2022-02-05,5.0,2323.15,6.93,41.47,104.43,25.27,190.37,229.55,20.77
438,2022-02-06,5.0,2670.29,28.16,61.01,170.23,34.33,229.74,282.97,67.89
439,2022-02-07,5.0,3952.03,27.49,78.83,194.55,45.3,406.89,475.43,70.93
440,2022-02-08,5.0,3845.21,16.09,94.59,188.83,41.01,426.31,487.9,74.98
441,2022-02-09,5.0,2136.23,8.61,32.22,151.63,14.54,275.63,343.66,34.45
442,2022-02-10,5.0,1081.47,4.14,19.36,164.51,40.53,147.01,167.93,15.83
443,2022-02-11,5.0,1201.63,2.93,20.56,175.95,30.52,221.27,238.46,18.49
444,2022-02-12,5.0,1535.42,2.46,32.56,174.52,26.23,172.78,206.77,19.25
445,2022-02-13,5.0,2029.42,16.76,52.78,180.24,41.01,245.96,279.36,34.45
446,2022-02-14,5.0,2803.8,33.53,43.53,194.55,75.34,320.75,373.71,41.54
447,2022-02-15,5.0,2696.99,32.19,45.24,175.95,59.13,405.97,457.13,37.49
448,2022-02-16,5.0,2056.12,4.64,41.81,188.83,37.19,233.85,281.75,20.77
449,2022-02-17,5.0,1842.5,5.64,33.93,173.09,30.52,337.05,376.54,27.36
450,2022-02-18,5.0,2403.26,4.69,52.09,211.72,39.1,386.75,427.92,39.01
451,2022-02-19,5.0,1508.71,5.53,28.79,158.79,33.38,249.43,282.92,23.05
452,2022-02-20,5.0,781.06,0.0,11.48,100.14,14.78,121.57,140.34,18.49
453,2022-02-21,5.0,3097.53,26.6,58.26,173.09,32.9,260.53,340.54,56.24
454,2022-02-22,5.0,2857.21,26.38,40.44,191.69,24.56,249.73,321.56,66.88
455,2022-02-23,5.0,1214.98,0.64,12.34,205.99,23.13,262.48,277.78,23.81
456,2022-02-24,5.0,2616.88,15.87,55.52,155.93,23.6,264.3,321.62,41.54
457,2022-02-25,5.0,2616.88,33.53,52.78,194.55,26.46,262.04,305.89,49.14
458,2022-02-26,5.0,1508.71,2.12,32.22,161.65,12.87,156.8,188.53,17.73
459,2022-02-27,5.0,1121.52,3.16,25.02,140.19,16.69,87.43,109.29,27.11
460,2022-02-28,5.0,1321.79,4.14,30.16,161.65,27.42,108.66,138.9,29.64
461,2022-03-01,5.0,1401.9,4.53,27.42,217.44,43.39,234.45,262.44,28.12
462,2022-03-02,5.0,2082.82,12.29,38.73,226.02,30.28,206.06,237.49,30.4
463,2022-03-03,5.0,2777.1,31.29,62.38,226.02,44.35,255.06,304.6,53.2
464,2022-03-04,5.0,2029.42,6.15,42.16,217.44,28.85,275.87,310.36,32.42
465,2022-03-05,5.0,947.95,1.44,17.48,161.65,18.6,135.09,148.33,22.04
466,2022-03-06,5.0,2216.34,4.86,50.72,194.55,28.37,180.53,222.21,41.54
467,2022-03-07,5.0,2243.04,13.86,39.41,251.77,25.03,267.95,292.92,31.92
468,2022-03-08,5.0,1415.25,3.97,28.79,228.88,48.64,224.09,242.71,28.63
469,2022-03-09,5.0,1375.2,1.9,23.31,214.58,28.85,287.86,315.19,26.09
470,2022-03-10,5.0,1602.17,3.32,35.3,170.23,30.28,176.12,196.41,31.66
471,2022-03-11,5.0,1482.01,2.74,32.56,167.37,27.42,141.96,178.58,29.13
472,2022-03-12,5.0,1562.12,2.26,36.67,164.51,37.19,132.9,168.14,32.42
473,2022-03-13,5.0,2002.72,5.81,41.81,200.27,30.04,160.92,225.44,49.14
474,2022-03-14,5.0,2616.88,40.23,43.53,246.05,36.72,201.55,266.3,95.25
475,2022-03-15,5.0,2349.85,23.02,31.53,263.21,54.84,272.61,321.11,32.42
476,2022-03-16,5.0,2510.07,16.76,50.72,231.74,43.39,256.23,333.71,57.25
477,2022-03-17,5.0,2349.85,8.83,45.93,200.27,24.8,236.49,319.73,55.22
478,2022-03-18,5.0,1134.87,1.7,30.16,181.67,21.46,146.93,175.7,24.83
479,2022-03-19,5.0,1441.96,2.65,25.36,214.58,20.5,177.72,202.96,29.39
480,2022-03-20,5.0,2162.93,17.66,41.81,243.19,34.81,222.49,256.53,42.56
481,2022-03-21,5.0,2910.61,23.02,47.98,308.99,51.02,264.13,306.62,91.2
482,2022-03-22,5.0,1241.68,2.49,28.1,205.99,30.99,176.06,214.46,28.12
483,2022-03-23,5.0,1535.42,3.69,32.9,246.05,46.73,216.03,258.56,32.42
484,2022-03-24,5.0,2643.59,27.72,48.67,300.41,50.54,261.62,336.9,46.1
485,2022-03-25,5.0,2750.4,31.29,56.21,240.33,51.02,205.98,297.71,120.58
486,2022-03-26,5.0,827.79,1.65,19.71,185.97,25.99,83.56,113.1,23.56
487,2022-03-27,5.0,2082.82,1.58,52.09,191.69,42.92,187.84,259.44,76.0
488,2022-03-28,5.0,2830.51,28.61,61.69,271.8,60.56,253.9,328.5,160.1
489,2022-03-29,5.0,2082.82,9.72,49.35,268.94,44.82,205.07,293.4,44.08
490,2022-03-30,5.0,2643.59,4.25,61.01,288.96,43.87,341.11,431.93,47.62
491,2022-03-31,5.0,2857.21,5.48,61.69,280.38,50.07,291.86,378.51,65.86
492,2022-04-01,5.0,2643.59,6.76,55.52,294.69,42.92,283.6,365.15,72.96
493,2022-04-02,5.0,2056.12,10.73,39.07,303.27,42.44,200.13,259.45,48.64
494,2022-04-03,5.0,1695.63,1.01,33.59,243.19,23.84,196.56,251.0,44.08
495,2022-04-04,5.0,1949.31,6.09,42.5,283.24,44.35,141.77,192.97,39.52
496,2022-04-05,5.0,2456.67,17.66,47.3,334.74,42.92,168.83,228.14,40.53
497,2022-04-06,5.0,2403.26,10.51,47.3,320.43,41.01,210.25,249.35,41.54
498,2022-04-07,5.0,2910.61,12.41,60.32,343.32,57.7,229.94,286.91,80.05
499,2022-04-08,5.0,2910.61,20.56,71.97,429.15,61.04,339.59,376.17,102.34
500,2022-04-09,5.0,2483.37,14.75,57.58,311.85,49.11,281.43,317.47,56.24
501,2022-04-10,5.0,1789.09,1.61,34.27,274.66,48.64,218.01,261.08,37.49
502,2022-04-11,5.0,1949.31,8.38,42.5,277.52,55.31,243.27,292.1,67.89
503,2022-04-12,5.0,1735.69,1.05,41.47,234.6,49.59,201.33,258.28,39.01
504,2022-04-13,5.0,2323.15,0.87,75.4,280.38,70.57,212.61,270.62,95.25
505,2022-04-14,5.0,2029.42,4.86,45.93,260.35,42.92,198.06,248.69,48.13
506,2022-04-15,5.0,2910.61,13.75,66.49,266.08,55.31,241.07,316.19,110.45
507,2022-04-16,5.0,2082.82,7.15,46.61,263.21,39.1,153.15,207.33,52.69
508,2022-04-17,5.0,2109.53,9.61,47.3,303.27,43.87,156.66,204.54,81.06
509,2022-04-18,5.0,1588.82,3.97,39.76,308.99,42.44,109.27,152.19,66.88
510,2022-04-19,5.0,2590.18,16.76,66.49,308.99,60.08,251.11,299.88,61.3
511,2022-04-20,5.0,2590.18,12.63,63.06,291.82,57.7,228.68,312.96,50.66
512,2022-04-21,5.0,2323.15,0.58,59.63,208.85,38.62,160.84,226.27,56.74
513,2022-04-22,5.0,3231.05,13.97,63.06,243.19,47.21,242.92,305.09,72.96
514,2022-04-23,5.0,2056.12,9.95,49.35,240.33,56.74,142.74,226.56,46.61
515,2022-04-24,5.0,1108.17,1.56,25.02,208.85,36.72,82.59,121.41,28.12
516,2022-04-25,5.0,1068.12,2.15,23.99,234.6,26.23,81.85,119.97,27.11
517,2022-04-26,5.0,2590.18,3.97,63.06,254.63,55.79,165.45,255.81,58.26
518,2022-04-27,5.0,2376.56,7.82,59.63,337.6,46.73,156.83,244.36,53.2
519,2022-04-28,5.0,2563.48,10.28,52.78,389.1,65.8,199.73,267.82,65.86
520,2022-04-29,5.0,1548.77,1.87,19.02,320.43,28.61,231.31,268.37,30.65
521,2022-04-30,5.0,1201.63,0.54,12.0,240.33,17.17,198.3,229.6,27.11
522,2022-05-01,5.0,907.9,0.38,15.59,185.97,17.64,86.51,97.42,15.33
523,2022-05-02,5.0,767.71,0.3,13.37,175.95,11.09,74.8,86.55,16.97
524,2022-05-03,5.0,934.6,0.52,16.11,197.41,20.74,98.75,110.15,16.09
525,2022-05-04,5.0,814.44,0.47,9.51,183.11,16.69,92.56,105.57,11.02
526,2022-05-05,5.0,854.49,0.61,12.51,208.85,14.9,86.16,100.85,17.23
527,2022-05-06,5.0,867.84,0.94,15.08,226.02,17.64,93.13,122.18,21.03
528,2022-05-07,5.0,974.66,0.75,14.22,185.97,15.14,79.47,101.8,23.05
529,2022-05-08,4.0,867.84,0.78,8.05,145.91,7.75,47.29,56.68,20.52
530,2022-05-09,5.0,794.41,0.88,8.83,174.52,10.97,102.99,109.43,19.25
531,2022-05-10,5.0,787.73,0.47,10.54,191.69,14.66,87.32,96.47,19.0
532,2022-05-11,5.0,1735.69,0.61,40.1,185.97,22.89,118.72,157.41,36.48
533,2022-05-12,5.0,961.3,0.53,9.42,197.41,13.95,122.63,132.88,21.53
534,2022-05-13,5.0,1628.88,7.26,28.45,223.16,18.6,139.27,163.97,28.63
535,2022-05-14,5.0,947.95,0.62,8.4,280.38,22.65,164.98,188.38,21.28
536,2022-05-15,5.0,1815.8,0.77,36.67,217.44,25.75,217.96,250.83,28.37
537,2022-05-16,5.0,934.6,0.5,8.91,208.85,15.97,171.77,193.81,24.07
538,2022-05-17,5.0,894.55,0.77,12.85,268.94,20.98,151.63,197.76,21.53
539,2022-05-18,5.0,1535.42,5.59,24.33,200.27,16.93,138.74,197.66,28.37
540,2022-05-19,5.0,1121.52,1.01,22.28,263.21,38.15,179.22,259.24,28.63
541,2022-05-20,5.0,1174.93,0.61,8.74,288.96,21.93,222.88,258.47,22.29
542,2022-05-21,5.0,1001.36,0.66,12.85,254.63,22.65,182.32,231.36,24.07
543,2022-05-22,5.0,841.14,0.48,5.91,188.83,9.66,147.71,177.6,23.31
544,2022-05-23,5.0,894.55,0.5,14.57,168.8,10.25,92.33,107.55,19.0
545,2022-05-24,5.0,1335.14,0.59,25.36,177.38,12.64,86.41,105.93,14.57
546,2022-05-25,5.0,2483.37,6.2,63.06,214.58,32.42,165.64,239.18,59.78
547,2022-05-26,5.0,2483.37,17.66,54.15,231.74,29.09,169.09,237.51,67.89
548,2022-05-27,5.0,2029.42,1.7,44.55,280.38,38.15,185.39,247.01,35.46
549,2022-05-28,5.0,2082.82,3.41,44.55,211.72,22.17,194.48,254.25,39.52
550,2022-05-29,5.0,974.66,0.4,14.05,185.97,13.71,149.27,187.1,27.11
551,2022-05-30,5.0,2429.96,0.83,58.95,197.41,37.67,227.19,372.14,53.2
552,2022-05-31,5.0,1762.39,1.13,37.7,248.91,26.94,191.0,303.13,34.45
553,2022-06-01,5.0,1495.36,2.35,25.7,277.52,41.96,189.83,252.48,30.65
554,2022-06-02,5.0,1762.39,1.44,38.04,360.49,43.87,265.51,318.7,36.48
555,2022-06-03,5.0,2483.37,16.32,44.55,366.21,48.16,235.74,397.91,43.06
556,2022-06-04,5.0,1842.5,3.97,33.24,366.21,47.21,323.06,393.77,52.18
557,2022-06-05,5.0,1668.93,3.27,38.39,308.99,35.29,260.62,302.81,69.92
558,2022-06-06,5.0,1976.01,1.9,50.04,274.66,44.35,263.77,307.2,63.33
559,2022-06-07,5.0,2082.82,1.12,58.95,277.52,48.16,251.92,338.39,87.14
560,2022-06-08,5.0,2563.48,1.33,59.63,280.38,46.73,234.63,383.51,43.06
561,2022-06-09,5.0,2670.29,7.26,60.32,257.49,46.25,277.75,400.78,68.9
562,2022-06-10,5.0,2029.42,0.73,52.78,268.94,47.68,157.49,312.77,74.98
563,2022-06-11,5.0,1348.5,2.96,31.19,228.88,28.85,139.95,290.16,28.37
564,2022-06-12,5.0,1094.82,0.99,22.96,231.74,30.99,179.92,293.66,29.64
565,2022-06-13,5.0,1268.39,3.3,20.39,254.63,29.33,158.08,280.33,30.15
566,2022-06-14,5.0,600.81,0.7,15.08,165.94,17.88,52.02,137.5,18.75
567,2022-06-15,4.0,534.06,1.4,10.97,138.76,15.97,38.86,89.92,21.28
568,2022-06-16,4.0,807.76,0.88,19.19,143.05,20.98,47.68,69.59,22.04
569,2022-06-17,5.0,974.66,4.64,21.76,168.8,22.17,51.52,76.21,27.87
570,2022-06-18,4.0,614.17,0.76,13.19,113.01,19.55,47.25,59.34,21.28
571,2022-06-19,5.0,714.3,0.87,17.48,128.75,16.69,52.32,64.95,10.77
572,2022-06-20,5.0,1562.12,1.08,35.3,121.59,21.93,87.36,117.5,31.16
573,2022-06-21,5.0,2616.88,15.87,46.61,286.1,35.76,176.71,226.88,46.1
574,2022-06-22,5.0,1428.6,0.99,33.93,177.38,22.89,115.17,132.54,33.44
575,2022-06-23,5.0,1174.93,1.63,14.22,157.36,12.76,84.43,104.85,26.85
576,2022-06-24,5.0,1348.5,2.37,19.54,205.99,24.08,109.67,130.45,24.83
577,2022-06-25,5.0,1081.47,0.19,6.77,163.08,7.75,99.75,104.54,16.72
578,2022-06-26,4.0,647.54,0.47,5.65,170.23,6.68,39.7,43.15,11.15
579,2022-06-27,4.0,700.95,0.5,7.63,115.87,9.18,45.3,48.05,11.4
580,2022-06-28,5.0,881.2,0.67,14.05,134.47,12.4,65.18,71.07,13.43
581,2022-06-29,4.0,720.98,0.28,15.94,60.08,13.83,31.74,34.69,8.04
582,2022-06-30,4.0,1121.52,1.2,21.76,50.78,12.04,33.28,38.58,6.71
583,2022-07-01,5.0,1602.17,1.23,35.99,97.27,20.03,89.88,122.02,15.2
584,2022-07-02,5.0,1522.06,2.57,29.47,105.86,14.9,92.25,112.67,9.37
585,2022-07-03,5.0,1028.06,0.78,11.48,121.59,9.06,52.47,54.19,9.63
586,2022-07-04,5.0,934.6,1.19,15.94,161.65,17.4,76.77,84.52,13.17
587,2022-07-05,5.0,934.6,0.4,9.85,188.83,11.09,96.02,105.51,13.81
588,2022-07-06,5.0,774.38,0.69,6.77,145.91,8.94,111.22,118.29,10.89
589,2022-07-07,5.0,660.9,0.49,9.34,143.05,8.94,61.79,72.78,16.97
590,2022-07-08,5.0,774.38,0.98,9.51,155.93,9.89,80.89,93.65,16.21
591,2022-07-09,5.0,807.76,0.29,6.43,108.72,9.42,109.25,115.07,13.81
592,2022-07-10,5.0,560.76,0.61,6.0,130.18,6.85,56.82,64.45,15.96
593,2022-07-11,5.0,574.11,1.06,7.8,125.89,8.7,60.01,67.02,15.45
594,2022-07-12,5.0,560.76,0.59,6.0,133.04,7.39,50.34,56.47,12.79
595,2022-07-13,4.0,514.03,0.24,6.94,125.89,9.3,37.95,43.77,13.05
596,2022-07-14,4.0,567.44,0.59,5.91,155.93,9.18,37.95,40.37,16.47
597,2022-07-15,4.0,514.03,0.45,6.43,134.47,9.78,40.3,44.17,12.54
598,2022-07-16,4.0,560.76,0.37,8.57,114.44,9.66,47.77,51.4,7.92
599,2022-07-17,4.0,527.38,0.55,5.1,114.44,6.5,42.79,44.33,13.3
600,2022-07-18,4.0,520.71,0.73,6.34,125.89,9.06,38.16,41.61,16.21
601,2022-07-19,5.0,660.9,0.79,10.02,143.05,19.79,77.28,84.48,13.17
602,2022-07-20,5.0,714.3,0.0,7.28,76.53,10.61,73.91,76.9,9.37
603,2022-07-21,,,,,,,,,
604,2022-07-22,4.0,1001.36,0.56,16.62,54.36,7.87,36.19,38.58,5.45
605,2022-07-23,4.0,707.63,0.31,10.45,103.0,6.85,27.92,31.01,7.28
606,2022-07-24,4.0,607.49,0.54,7.2,107.29,6.79,31.65,33.14,5.0
607,2022-07-25,5.0,687.6,0.64,8.05,125.89,8.46,53.08,54.33,3.7
608,2022-07-26,5.0,741.0,0.85,18.51,92.98,11.21,60.38,62.62,5.64
609,2022-07-27,5.0,894.55,0.27,23.99,85.12,14.66,60.52,65.01,6.33
610,2022-07-28,5.0,2189.64,14.31,46.61,105.86,20.5,154.94,197.35,23.31
611,2022-07-29,5.0,1735.69,6.15,32.22,75.82,26.94,126.0,154.19,10.51
612,2022-07-30,5.0,1388.55,1.23,28.1,45.78,15.97,66.28,84.21,11.65
613,2022-07-31,5.0,1815.8,10.73,40.1,75.82,28.13,105.68,139.35,60.8
614,2022-08-01,5.0,1815.8,12.74,40.78,63.66,27.89,109.74,140.81,71.94
615,2022-08-02,4.0,1028.06,7.38,28.1,46.49,18.36,47.39,67.48,10.26
616,2022-08-03,5.0,988.01,0.91,27.08,50.07,13.35,56.62,73.16,9.75
617,2022-08-04,4.0,1335.14,0.73,27.42,55.79,8.58,49.52,57.68,7.6
618,2022-08-05,5.0,2162.93,7.93,45.24,118.73,17.17,155.96,201.6,25.59
619,2022-08-06,5.0,1895.9,6.31,27.08,131.61,15.5,146.92,186.97,16.47
620,2022-08-07,5.0,907.9,0.05,10.8,98.71,5.84,51.73,60.23,7.98
621,2022-08-08,5.0,741.0,1.42,10.37,130.18,8.94,63.75,70.49,6.78
622,2022-08-09,4.0,574.11,0.86,6.68,124.45,6.5,42.86,48.27,11.27
623,2022-08-10,3.0,427.25,0.49,5.31,97.27,7.21,24.26,29.5,10.77
624,2022-08-11,4.0,397.21,0.4,5.14,134.47,7.21,31.34,33.68,9.75
625,2022-08-12,5.0,554.08,2.24,12.51,177.38,9.78,84.84,90.5,8.87
626,2022-08-13,5.0,787.73,2.1,13.02,154.5,10.01,77.75,88.89,12.67
627,2022-08-14,5.0,807.76,0.39,10.45,120.16,7.63,81.56,82.96,7.16
628,2022-08-15,3.0,423.91,0.3,5.4,95.84,7.99,22.82,24.68,7.85
629,2022-08-16,5.0,734.33,1.05,18.68,124.45,10.61,55.53,76.3,11.15
630,2022-08-17,5.0,1081.47,4.53,27.76,111.58,15.5,66.35,93.96,14.57
631,2022-08-18,5.0,1081.47,1.84,27.42,98.71,12.99,66.97,94.12,12.92
632,2022-08-19,5.0,1295.09,0.96,35.99,95.84,26.7,85.96,104.67,21.79
633,2022-08-20,5.0,841.14,0.86,19.19,108.72,23.84,64.58,71.91,7.41
634,2022-08-21,4.0,654.22,0.48,8.23,104.43,7.39,46.21,49.05,6.78
635,2022-08-22,4.0,520.71,0.89,6.08,127.32,8.46,45.55,47.98,6.33
636,2022-08-23,5.0,614.17,3.38,13.54,124.45,11.56,51.38,64.26,14.44
637,2022-08-24,5.0,1281.74,0.13,19.54,84.4,12.28,77.12,89.98,11.91
638,2022-08-25,5.0,2002.72,7.49,34.62,137.33,22.65,137.23,163.77,14.95
639,2022-08-26,5.0,2002.72,9.39,37.01,161.65,23.13,147.64,176.4,15.58
640,2022-08-27,5.0,1161.58,1.26,20.56,121.59,15.74,80.52,98.24,5.83
641,2022-08-28,4.0,734.33,1.38,16.79,60.8,15.26,46.61,55.92,11.15
642,2022-08-29,5.0,3097.53,17.88,67.17,130.18,48.16,212.34,286.86,93.22
643,2022-08-30,5.0,3044.13,21.68,50.72,77.25,36.72,223.91,282.72,74.98
644,2022-08-31,5.0,1735.69,4.81,22.62,113.01,22.17,115.73,154.96,11.02
645,2022-09-01,5.0,1869.2,18.55,39.07,64.37,31.47,117.41,149.26,21.28
646,2022-09-02,5.0,1815.8,20.12,24.33,57.22,24.8,115.49,139.89,22.29
647,2022-09-03,5.0,794.41,2.43,19.19,110.15,12.76,82.02,102.31,11.4
648,2022-09-04,5.0,1588.82,9.83,33.59,114.44,14.31,110.42,160.5,18.49
649,2022-09-05,5.0,2616.88,17.43,56.21,144.48,31.47,175.76,237.73,53.2
650,2022-09-06,5.0,3070.83,29.95,52.09,181.67,38.15,216.38,294.77,67.89
651,2022-09-07,5.0,2883.91,27.05,50.04,165.94,41.01,209.13,288.44,139.83
652,2022-09-08,5.0,1134.87,1.98,11.82,154.5,8.34,84.84,87.92,6.9
653,2022-09-09,5.0,961.3,1.48,12.51,117.3,7.99,72.81,83.09,6.78
654,2022-09-10,5.0,814.44,1.02,10.45,98.71,5.78,64.27,74.51,10.64
655,2022-09-11,5.0,687.6,0.87,8.05,123.02,6.79,53.64,59.65,9.12
656,2022-09-12,4.0,547.41,0.5,6.08,98.71,6.08,29.26,32.35,5.57
657,2022-09-13,4.0,607.49,1.2,13.37,85.83,7.99,28.86,30.03,3.61
658,2022-09-14,4.0,674.25,1.65,17.48,55.79,7.39,35.32,35.98,2.75
659,2022-09-15,4.0,680.92,1.05,17.82,36.12,10.61,25.05,27.32,3.2
660,2022-09-16,5.0,1108.17,1.9,22.96,37.55,18.6,58.02,68.5,6.65
661,2022-09-17,5.0,1201.63,3.91,22.96,82.25,21.46,94.58,114.85,11.91
662,2022-09-18,5.0,1735.69,19.89,26.05,111.58,20.5,130.29,153.08,15.58
663,2022-09-19,5.0,1428.6,4.86,15.59,138.76,9.3,112.34,136.18,14.19
664,2022-09-20,5.0,1281.74,0.26,14.91,100.14,10.97,160.37,168.17,7.85
665,2022-09-21,4.0,854.49,0.78,12.85,45.78,9.42,49.8,53.23,4.62
666,2022-09-22,5.0,961.3,0.09,12.51,73.67,8.94,70.73,75.24,4.37
667,2022-09-23,5.0,974.66,0.14,11.31,110.15,9.89,80.74,84.77,4.05
668,2022-09-24,5.0,894.55,2.1,14.22,95.84,8.94,69.31,73.23,5.57
669,2022-09-25,4.0,787.73,1.87,22.96,56.51,15.5,34.82,52.31,10.89
670,2022-09-26,5.0,3097.53,20.12,47.3,145.91,23.6,252.65,311.55,22.8
671,2022-09-27,5.0,3017.43,45.15,32.22,197.41,28.85,248.17,305.24,31.16
672,2022-09-28,5.0,1869.2,5.59,35.99,220.3,42.92,227.88,257.75,17.99
673,2022-09-29,5.0,2429.96,34.42,35.64,234.6,41.01,237.83,307.09,20.52
674,2022-09-30,5.0,2696.99,21.46,73.34,226.02,63.9,253.27,316.85,31.41
675,2022-10-01,5.0,1949.31,6.76,45.93,211.72,22.41,236.89,276.28,24.57
676,2022-10-02,5.0,1495.36,2.68,22.28,203.13,45.78,279.43,297.49,17.23
677,2022-10-03,5.0,3150.94,23.25,56.89,205.99,35.76,314.16,399.74,41.04
678,2022-10-04,5.0,3017.43,25.26,32.56,107.29,21.7,311.37,391.32,34.96
679,2022-10-05,4.0,847.82,2.6,25.36,28.25,10.97,30.73,32.48,3.77
680,2022-10-06,4.0,867.84,1.79,21.76,20.74,12.87,42.37,44.62,4.88
681,2022-10-07,4.0,1001.36,1.2,22.96,29.68,8.46,44.02,56.02,7.6
682,2022-10-08,5.0,1001.36,0.23,19.36,55.79,9.06,69.01,79.29,7.09
683,2022-10-09,5.0,1054.76,2.07,35.64,47.21,16.69,119.61,131.89,9.75
684,2022-10-10,5.0,1054.76,0.82,23.31,80.11,18.6,143.94,147.99,12.03
685,2022-10-11,5.0,1335.14,1.54,32.56,91.55,21.93,109.67,127.92,14.44
686,2022-10-12,5.0,2857.21,9.39,45.24,158.79,26.23,270.39,326.01,20.01
687,2022-10-13,5.0,2803.8,9.72,49.35,203.13,42.92,289.79,337.15,20.52
688,2022-10-14,5.0,3231.05,12.96,72.66,200.27,39.58,296.81,364.58,39.01
689,2022-10-15,5.0,2456.67,23.47,76.77,223.16,61.04,255.17,295.91,154.02
690,2022-10-16,5.0,2483.37,16.09,58.26,200.27,45.3,239.11,284.05,137.81
691,2022-10-17,5.0,2162.93,3.49,39.41,205.99,30.52,247.14,305.29,24.83
692,2022-10-18,5.0,3204.35,31.74,60.32,188.83,41.01,270.11,347.96,66.88
693,2022-10-19,5.0,3017.43,54.09,56.21,208.85,31.47,339.75,416.05,42.05
694,2022-10-20,5.0,3311.16,24.59,63.75,271.8,68.66,384.88,453.02,53.7
695,2022-10-21,5.0,3017.43,45.15,44.55,200.27,28.61,276.05,351.76,32.93
696,2022-10-22,5.0,2243.04,7.15,51.41,246.05,51.02,284.78,348.29,49.14
697,2022-10-23,5.0,1895.9,3.8,43.87,197.41,24.8,264.24,304.57,31.41
698,2022-10-24,5.0,1295.09,2.6,30.5,188.83,29.33,233.77,259.4,21.79
699,2022-10-25,5.0,1562.12,2.65,32.22,208.85,27.89,195.05,218.13,24.32
700,2022-10-26,5.0,3685.0,29.5,78.14,254.63,47.21,330.16,429.46,82.08
701,2022-10-27,5.0,3337.86,31.74,72.66,260.35,49.11,309.37,401.24,86.13
702,2022-10-28,5.0,3017.43,13.86,71.97,251.77,41.01,355.1,423.93,50.16
703,2022-10-29,5.0,2910.61,12.41,97.33,217.44,72.48,343.56,411.32,125.65
704,2022-10-30,5.0,2670.29,11.18,56.89,231.74,40.05,391.28,444.11,76.0
705,2022-10-31,5.0,3391.27,21.23,87.74,271.8,56.27,347.17,428.42,87.14
706,2022-11-01,5.0,3471.37,22.35,81.57,220.3,38.62,337.82,420.44,74.98
707,2022-11-02,5.0,2990.72,10.06,55.52,240.33,31.47,315.75,392.22,23.56
708,2022-11-03,5.0,2640.0,12.5,65.75,214.5,48.13,322.0,423.0,23.56
709,2022-11-04,5.0,3840.0,46.88,98.5,311.0,59.5,472.0,560.0,64.85
710,2022-11-05,5.0,3200.0,7.26,72.5,200.27,47.63,452.0,528.0,64.85
711,2022-11-06,5.0,3738.4,27.27,95.96,180.24,67.71,355.83,422.96,149.97
712,2022-11-07,5.0,3845.21,25.7,91.85,178.81,60.56,390.61,453.79,137.81
713,2022-11-08,5.0,2937.32,15.87,76.09,164.51,37.19,315.74,392.46,64.85
714,2022-11-09,5.0,3364.56,57.22,50.04,194.55,43.39,411.06,462.19,27.87
715,2022-11-10,5.0,3070.83,29.5,39.76,185.97,48.64,400.52,458.87,21.03
716,2022-11-11,5.0,1508.71,2.49,27.08,178.81,35.76,284.83,303.03,26.85
717,2022-11-12,5.0,1321.79,2.71,20.39,203.13,29.8,166.19,185.58,21.79
718,2022-11-13,5.0,2269.74,1.87,49.35,194.55,30.99,186.76,235.32,32.42
719,2022-11-14,5.0,2964.02,34.87,61.01,205.99,25.75,291.98,367.68,41.54
720,2022-11-15,5.0,2563.48,7.1,46.61,178.81,37.67,288.28,352.59,25.84
721,2022-11-16,5.0,1295.09,3.55,25.36,183.11,41.01,176.91,211.17,24.57
722,2022-11-17,5.0,1375.2,3.8,32.22,171.66,26.94,150.27,176.96,27.36
723,2022-11-18,5.0,3311.16,24.59,85.0,177.38,51.98,265.17,340.45,84.1
724,2022-11-19,5.0,3070.83,19.89,89.11,194.55,63.9,282.59,343.12,118.55
725,2022-11-20,5.0,2670.29,4.41,64.43,185.97,49.59,264.43,315.61,41.54
726,2022-11-21,5.0,1615.52,5.87,28.45,174.52,30.04,211.29,245.31,26.35
727,2022-11-22,5.0,1642.23,4.64,42.84,171.66,33.38,273.57,302.1,28.88
728,2022-11-23,5.0,1415.25,4.25,34.96,177.38,33.38,183.37,210.15,27.87
729,2022-11-24,5.0,3311.16,8.16,75.4,200.27,41.01,336.53,409.7,65.86
730,2022-11-25,5.0,3204.35,41.13,71.29,223.16,44.82,323.46,390.22,83.09
731,2022-11-26,5.0,2803.8,3.74,50.04,200.27,32.9,430.97,487.67,33.94
732,2022-11-27,5.0,2777.1,10.95,65.12,223.16,55.79,429.25,481.53,60.29
733,2022-11-28,5.0,3417.97,33.97,95.96,203.13,49.59,371.38,422.72,73.97
734,2022-11-29,5.0,3364.56,27.94,91.85,205.99,100.14,413.48,475.15,66.88
735,2022-11-30,5.0,2750.4,23.69,77.46,183.11,41.01,314.41,352.78,52.69
736,2022-12-01,5.0,3417.97,24.81,77.46,188.83,40.05,347.38,420.41,61.81
737,2022-12-02,5.0,4005.43,30.85,124.75,211.72,102.04,461.72,551.04,158.07
738,2022-12-03,5.0,3738.4,13.41,90.48,191.69,64.85,453.86,533.0,58.77
739,2022-12-04,5.0,2189.64,3.46,54.84,211.72,46.25,348.81,390.85,31.92
740,2022-12-05,5.0,2002.72,5.81,49.35,211.72,39.1,348.31,385.98,26.85
741,2022-12-06,5.0,1668.93,3.13,32.22,170.23,48.64,291.2,320.96,24.07
742,2022-12-07,5.0,2029.42,3.49,42.84,188.83,30.52,277.51,329.7,27.11
743,2022-12-08,5.0,3017.43,5.48,59.63,197.41,62.94,407.07,480.09,29.13
744,2022-12-09,5.0,2830.51,1.52,51.41,6.17,8.94,388.86,456.52,15.07
745,2022-12-10,,,,,,,,,
746,2022-12-11,5.0,1922.61,3.8,26.05,181.67,34.33,397.79,436.34,21.28
747,2022-12-12,5.0,1655.58,7.15,38.73,160.22,35.76,221.92,256.25,28.37
748,2022-12-13,5.0,1321.79,5.31,27.42,157.36,27.89,180.64,206.39,23.81
749,2022-12-14,5.0,1201.63,4.92,30.85,173.09,26.94,142.72,158.8,26.6
750,2022-12-15,5.0,1615.52,9.83,38.04,154.5,30.52,198.14,229.77,28.12
751,2022-12-16,5.0,2883.91,14.75,66.49,181.67,37.67,273.31,338.65,45.09
752,2022-12-17,5.0,2830.51,37.1,55.52,217.44,55.79,324.35,379.07,57.76
753,2022-12-18,5.0,2723.69,14.75,53.47,217.44,68.66,395.78,450.44,39.01
754,2022-12-19,5.0,2990.72,8.61,74.03,200.27,61.99,450.34,490.14,52.18
755,2022-12-20,5.0,3124.24,7.49,65.12,191.69,26.7,419.06,456.65,30.65
756,2022-12-21,5.0,2964.02,7.93,65.8,188.83,29.09,370.39,424.61,32.42
757,2022-12-22,5.0,2750.4,5.31,70.6,178.81,56.27,429.27,477.31,36.98
758,2022-12-23,5.0,2429.96,16.76,58.95,134.47,27.89,417.62,460.7,63.84
759,2022-12-24,5.0,1602.17,4.14,49.35,130.18,17.17,130.82,156.34,34.45
760,2022-12-25,5.0,1028.06,0.0,23.31,47.92,10.85,169.21,181.66,18.24
761,2022-12-26,5.0,2883.91,32.19,67.86,178.81,37.19,339.5,384.68,48.13
762,2022-12-27,5.0,1735.69,3.97,25.02,183.11,51.02,392.89,421.97,18.24
763,2022-12-28,5.0,1028.06,2.88,21.93,171.66,29.33,207.53,223.57,21.03
764,2022-12-29,5.0,3204.35,24.81,74.71,183.11,41.48,397.56,475.5,57.76
765,2022-12-30,5.0,4165.65,11.4,111.04,180.24,39.1,548.04,620.33,79.04
766,2022-12-31,5.0,3578.19,14.19,80.2,168.8,44.82,524.6,587.52,89.17
767,2023-01-01,5.0,2403.26,13.75,66.49,161.65,32.42,350.95,399.05,61.81
768,2023-01-02,5.0,3204.35,11.06,101.45,157.36,78.2,344.69,407.33,115.51
769,2023-01-03,5.0,2296.45,27.49,45.93,155.93,61.04,357.78,394.04,16.72
770,2023-01-04,5.0,2136.23,10.73,58.95,171.66,34.81,318.55,340.18,19.76
771,2023-01-05,5.0,3124.24,15.42,80.88,175.95,33.86,384.74,447.17,52.18
772,2023-01-06,5.0,2082.82,2.18,42.16,147.34,39.58,304.3,337.29,12.92
773,2023-01-07,5.0,1401.9,3.24,33.59,158.79,20.5,248.02,271.7,14.44
774,2023-01-08,5.0,2563.48,12.18,56.21,174.52,35.29,350.48,406.02,30.91
775,2023-01-09,5.0,3337.86,45.15,63.06,226.02,53.88,575.5,639.11,39.52
776,2023-01-10,5.0,2964.02,2.65,39.76,200.27,31.47,555.27,606.8,10.51
777,2023-01-11,5.0,3524.78,13.52,137.09,197.41,70.57,507.76,576.69,141.86
778,2023-01-12,5.0,2616.88,16.32,61.69,191.69,39.1,496.75,550.13,90.18
779,2023-01-13,5.0,2616.88,19.22,54.15,131.61,35.76,376.7,421.76,88.16
780,2023-01-14,5.0,2483.37,31.29,31.53,144.48,74.39,297.45,308.15,37.49
781,2023-01-15,5.0,1335.14,2.57,26.05,150.2,25.27,289.78,307.72,18.49
782,2023-01-16,5.0,2590.18,18.55,70.6,158.79,35.76,234.46,285.62,56.74
783,2023-01-17,5.0,2483.37,9.72,55.52,173.09,25.99,256.99,306.58,23.81
784,2023-01-18,5.0,2750.4,19.45,79.51,188.83,41.48,278.54,334.5,55.22
785,2023-01-19,5.0,4005.43,14.53,91.85,200.27,62.94,438.23,510.46,113.49
786,2023-01-20,5.0,3578.19,30.85,93.22,197.41,64.85,389.5,450.53,129.7
787,2023-01-21,5.0,2563.48,39.34,49.35,185.97,33.38,294.15,341.65,61.81
788,2023-01-22,5.0,2376.56,14.53,69.92,110.15,51.02,285.57,312.5,112.47
789,2023-01-23,5.0,3097.53,30.85,87.74,124.45,77.25,344.15,377.52,184.42
790,2023-01-24,5.0,1482.01,9.16,41.81,120.16,14.66,128.85,151.44,32.93
791,2023-01-25,5.0,2670.29,32.63,45.24,114.44,20.74,276.2,292.76,28.12
792,2023-01-26,5.0,2536.77,29.5,27.76,140.19,32.42,196.72,242.04,24.32
793,2023-01-27,5.0,1068.12,2.99,17.82,160.22,19.07,197.62,214.34,10.51
794,2023-01-28,5.0,2056.12,4.92,41.47,164.51,24.8,223.04,264.34,18.49
795,2023-01-29,5.0,2510.07,22.13,38.73,177.38,17.88,291.7,302.52,26.35
796,2023-01-30,5.0,1602.17,4.47,25.7,174.52,20.5,290.22,315.29,16.21
797,2023-01-31,5.0,1108.17,3.74,26.73,133.04,20.74,161.27,174.66,13.81
798,2023-02-01,5.0,934.6,3.97,17.65,173.09,20.5,166.84,179.18,11.4
799,2023-02-02,5.0,2109.53,5.59,45.24,185.97,27.18,269.76,323.08,21.03
800,2023-02-03,5.0,1762.39,5.64,34.96,200.27,26.23,258.55,292.55,19.76
801,2023-02-04,5.0,1174.93,2.99,17.31,173.09,28.37,228.19,258.12,19.25
802,2023-02-05,5.0,2349.85,6.31,52.09,154.5,21.7,255.04,316.52,24.83
803,2023-02-06,5.0,2883.91,26.82,68.55,191.69,46.25,336.45,376.75,46.61
804,2023-02-07,5.0,2216.34,6.76,49.35,183.11,27.66,344.55,391.23,29.13
805,2023-02-08,5.0,1321.79,5.2,20.73,168.8,30.52,336.2,385.51,20.27
806,2023-02-09,5.0,3177.64,8.94,70.6,194.55,36.72,289.16,352.45,45.6
807,2023-02-10,5.0,3150.94,25.26,65.8,171.66,26.7,329.23,376.62,57.76
808,2023-02-11,5.0,2536.77,33.97,43.53,220.3,41.48,256.04,301.22,81.06
809,2023-02-12,5.0,907.9,1.66,16.96,137.33,28.37,231.62,267.51,19.51
810,2023-02-13,4.0,734.33,2.37,16.62,175.95,25.51,64.13,79.23,21.28
811,2023-02-14,5.0,2029.42,8.38,45.93,197.41,32.9,208.32,259.78,36.48
812,2023-02-15,5.0,2590.18,14.98,69.92,240.33,56.74,362.8,428.01,44.58
813,2023-02-16,5.0,3391.27,26.15,100.08,200.27,74.39,418.81,474.76,168.2
814,2023-02-17,5.0,4806.52,25.26,172.73,197.41,101.09,505.33,601.42,156.04
815,2023-02-18,5.0,4325.87,38.44,106.93,211.72,60.56,476.46,562.28,109.43
816,2023-02-19,5.0,3017.43,25.03,64.43,231.74,49.59,365.02,431.94,127.67
817,2023-02-20,5.0,2937.32,42.47,56.21,208.85,24.56,396.9,477.36,35.46
818,2023-02-21,5.0,3150.94,29.95,60.32,170.23,31.95,356.19,431.97,51.17
819,2023-02-22,5.0,2189.64,7.71,41.13,183.11,36.24,276.32,323.16,30.4
820,2023-02-23,5.0,1375.2,0.0,34.62,57.94,21.93,217.38,256.63,27.61
821,2023-02-24,,,,,,,,,
822,2023-02-25,5.0,2536.77,7.93,56.21,237.46,50.54,289.68,348.38,79.04
823,2023-02-26,5.0,2269.74,11.29,56.89,226.02,32.9,341.41,383.46,88.16
824,2023-02-27,5.0,2803.8,29.5,44.55,208.85,108.72,486.4,537.3,43.57
825,2023-02-28,5.0,2536.77,18.1,47.98,185.97,39.1,317.6,376.81,85.12
826,2023-03-01,5.0,2643.59,31.74,43.87,223.16,47.68,281.46,341.95,49.65
827,2023-03-02,5.0,1321.79,3.46,30.16,175.95,28.37,122.3,159.78,28.37
828,2023-03-03,5.0,961.3,1.48,16.45,161.65,23.84,135.18,157.0,20.27
829,2023-03-04,5.0,720.98,0.0,9.6,125.89,22.89,101.08,120.07,18.75
830,2023-03-05,5.0,907.9,1.65,14.22,157.36,22.65,110.75,125.11,21.03
831,2023-03-06,5.0,1401.9,3.21,31.87,151.63,26.7,93.87,126.82,29.64
832,2023-03-07,5.0,1134.87,3.69,28.45,205.99,40.05,174.4,195.97,26.35
833,2023-03-08,5.0,1081.47,2.91,28.1,148.77,19.31,89.38,116.75,27.61
834,2023-03-09,5.0,2536.77,37.55,50.72,148.77,57.7,234.34,278.29,33.44
835,2023-03-10,5.0,2643.59,6.82,59.63,220.3,42.92,249.91,313.83,60.29
836,2023-03-11,5.0,2510.07,7.26,52.78,231.74,30.99,245.03,302.08,52.69
837,2023-03-12,5.0,2456.67,25.48,41.13,240.33,42.92,237.43,285.24,90.18
838,2023-03-13,5.0,2777.1,17.43,47.98,314.71,49.11,389.77,428.15,69.92
839,2023-03-14,5.0,2510.07,23.69,68.55,211.72,31.95,241.86,294.84,56.24
840,2023-03-15,5.0,3097.53,47.83,56.21,268.94,50.07,229.95,287.85,56.74
841,2023-03-16,5.0,2136.23,19.0,42.16,160.22,25.75,200.54,248.3,42.56
842,2023-03-17,5.0,1415.25,15.65,39.41,120.16,19.55,95.83,127.04,33.94
843,2023-03-18,5.0,2429.96,1.31,69.23,144.48,47.68,201.99,230.67,88.16
844,2023-03-19,5.0,2109.53,8.83,50.04,134.47,23.13,192.73,215.97,47.62
845,2023-03-20,5.0,2429.96,10.84,46.61,84.4,21.93,154.14,189.64,31.92
846,2023-03-21,5.0,2296.45,10.39,46.61,117.3,22.17,145.14,172.95,17.23
847,2023-03-22,5.0,2403.26,5.92,32.56,214.58,30.28,191.49,198.15,19.0
848,2023-03-23,5.0,1668.93,1.7,35.3,208.85,31.47,130.93,165.29,29.13
849,2023-03-24,5.0,1668.93,8.27,32.56,251.77,28.13,171.03,196.53,21.53
850,2023-03-25,5.0,2296.45,10.51,56.21,138.76,38.15,143.91,193.19,96.26
851,2023-03-26,5.0,2056.12,13.52,53.47,173.09,29.56,131.67,171.17,83.09
852,2023-03-27,4.0,834.47,2.91,18.34,164.51,30.99,68.32,97.38,22.04
853,2023-03-28,5.0,1815.8,4.02,39.41,214.58,40.05,130.58,169.23,34.45
854,2023-03-29,5.0,2483.37,28.61,38.39,308.99,64.85,247.15,273.76,35.46
855,2023-03-30,5.0,1642.23,10.84,34.96,248.91,36.24,162.81,184.36,33.44
856,2023-03-31,5.0,1161.58,0.68,35.3,160.22,24.8,88.92,103.63,25.59
857,2023-04-01,5.0,2189.64,0.89,39.07,170.23,14.66,174.56,209.82,19.76
858,2023-04-02,5.0,2189.64,7.82,34.27,163.08,42.92,179.65,213.56,26.85
859,2023-04-03,5.0,1842.5,4.53,39.41,194.55,32.42,116.5,162.36,39.52
860,2023-04-04,5.0,2964.02,29.95,39.41,175.95,28.61,202.84,265.74,45.6
861,2023-04-05,5.0,1068.12,2.01,24.68,217.44,30.28,85.3,123.6,25.84
862,2023-04-06,5.0,1428.6,6.37,28.45,228.88,48.64,103.44,131.47,31.16
863,2023-04-07,5.0,1028.06,2.96,24.68,240.33,50.54,71.41,93.66,28.63
864,2023-04-08,5.0,2029.42,1.34,45.24,277.52,45.3,137.77,189.14,36.98
865,2023-04-09,5.0,1976.01,15.87,35.3,268.94,51.5,130.73,166.84,39.01
866,2023-04-10,5.0,1495.36,6.82,28.45,251.77,32.42,99.67,131.25,31.41
867,2023-04-11,5.0,1068.12,2.57,23.65,237.46,38.62,91.04,109.33,28.12
868,2023-04-12,5.0,974.66,2.57,20.73,214.58,29.8,88.81,108.47,25.84
869,2023-04-13,5.0,1081.47,3.35,23.99,240.33,41.96,90.15,124.47,27.87
870,2023-04-14,5.0,2216.34,3.63,54.15,308.99,40.05,173.36,213.79,46.1
871,2023-04-15,5.0,2456.67,3.49,65.8,303.27,57.7,219.96,257.35,94.23
872,2023-04-16,5.0,2483.37,7.71,73.34,303.27,56.74,192.13,251.9,115.51
873,2023-04-17,5.0,2136.23,5.53,51.41,246.05,47.68,126.3,195.92,64.34
874,2023-04-18,5.0,1949.31,4.86,47.98,300.41,43.87,120.6,180.85,67.89
875,2023-04-19,5.0,1815.8,6.2,36.33,286.1,59.6,135.88,186.18,33.94
876,2023-04-20,5.0,1041.41,4.86,25.36,214.58,34.33,85.72,105.03,28.12
877,2023-04-21,4.0,1495.36,5.53,43.18,128.75,26.23,72.18,108.33,38.5
878,2023-04-22,5.0,2296.45,16.99,41.81,188.83,38.62,140.94,190.33,47.12
879,2023-04-23,5.0,1628.88,10.62,33.24,223.16,28.37,118.25,166.94,52.18
880,2023-04-24,4.0,834.47,0.44,20.05,161.65,27.42,63.39,84.32,20.77
881,2023-04-25,5.0,2136.23,1.05,54.84,174.52,48.16,149.25,202.17,98.29
882,2023-04-26,5.0,2082.82,4.81,54.15,170.23,37.67,148.45,200.38,79.04
883,2023-04-27,5.0,3044.13,21.01,65.8,191.69,43.87,225.31,279.55,58.26
884,2023-04-28,5.0,2910.61,3.07,64.43,150.2,40.05,203.83,261.95,49.65
885,2023-04-29,5.0,1949.31,5.7,38.73,160.22,23.6,145.67,182.35,29.39
886,2023-04-30,4.0,1001.36,0.35,21.59,133.04,13.71,52.46,71.04,24.83
887,2023-05-01,5.0,1308.44,0.47,27.08,80.82,13.95,79.97,96.81,16.97
888,2023-05-02,5.0,1949.31,2.15,34.27,145.91,15.5,162.74,201.52,15.2
889,2023-05-03,5.0,2616.88,3.69,63.06,111.58,27.18,190.86,240.13,26.35
890,2023-05-04,5.0,2723.69,7.26,56.89,228.88,32.42,269.61,294.06,56.74
891,2023-05-05,5.0,2803.8,5.76,62.38,226.02,43.87,207.47,252.13,82.08
892,2023-05-06,5.0,1214.98,2.18,17.14,308.99,55.79,181.43,197.11,20.01
893,2023-05-07,5.0,1441.96,1.87,28.1,214.58,25.51,103.7,137.44,30.4
894,2023-05-08,5.0,1708.98,2.88,45.24,231.74,53.88,124.42,162.13,52.18
895,2023-05-09,5.0,1522.06,3.44,28.45,274.66,41.48,116.64,158.43,41.04
896,2023-05-10,5.0,1922.61,2.49,42.5,268.94,40.05,111.82,156.41,40.02
897,2023-05-11,5.0,2616.88,15.87,48.67,334.74,38.62,188.42,238.69,42.05
898,2023-05-12,5.0,2456.67,7.26,51.41,326.16,35.76,186.04,231.06,51.68
899,2023-05-13,5.0,1628.88,2.18,30.16,246.05,22.17,146.03,180.55,57.25
900,2023-05-14,5.0,1815.8,1.36,39.41,257.49,22.41,155.03,193.45,66.88
901,2023-05-15,5.0,3417.97,15.87,61.69,317.57,42.44,301.26,360.98,86.13
902,2023-05-16,5.0,2269.74,7.38,44.55,400.54,66.76,205.49,263.61,80.05
903,2023-05-17,5.0,1188.28,4.19,27.76,251.77,29.8,109.33,166.76,32.42
904,2023-05-18,5.0,2082.82,11.29,38.39,263.21,40.53,183.44,242.8,34.96
905,2023-05-19,5.0,834.47,2.15,17.48,251.77,35.76,87.8,127.3,23.81
906,2023-05-20,5.0,1415.25,2.71,33.59,203.13,26.94,88.6,125.42,35.46
907,2023-05-21,5.0,1869.2,0.96,43.53,234.6,31.47,142.07,194.87,45.09
908,2023-05-22,5.0,1815.8,1.16,46.61,251.77,31.95,186.48,237.24,89.17
909,2023-05-23,5.0,1201.63,1.44,18.16,277.52,20.27,161.06,199.51,30.15
910,2023-05-24,5.0,854.49,0.48,10.28,197.41,18.12,149.27,167.31,20.77
911,2023-05-25,5.0,2376.56,1.26,56.21,171.66,27.89,191.18,231.03,38.0
912,2023-05-26,5.0,2349.85,0.99,56.21,177.38,30.99,197.83,233.07,43.57
913,2023-05-27,5.0,1174.93,1.42,26.39,223.16,15.5,88.54,97.38,23.56
914,2023-05-28,5.0,1682.28,9.5,36.33,180.24,21.93,159.18,193.25,49.65
915,2023-05-29,5.0,2964.02,4.36,69.23,185.97,38.62,228.16,303.63,56.74
916,2023-05-30,5.0,2643.59,6.31,59.63,220.3,38.15,211.14,278.14,52.18
917,2023-05-31,5.0,2189.64,5.76,40.78,228.88,48.16,184.63,236.57,33.44
918,2023-06-01,5.0,774.38,1.29,13.71,185.97,28.61,90.83,101.85,20.52
919,2023-06-02,5.0,1028.06,0.53,26.39,208.85,37.67,96.3,117.49,23.81
920,2023-06-03,5.0,1295.09,2.35,25.7,251.77,36.24,76.8,104.88,29.39
921,2023-06-04,5.0,1695.63,8.38,31.53,223.16,22.89,113.56,141.43,31.92
922,2023-06-05,5.0,1228.33,3.3,23.31,234.6,36.24,112.07,139.85,29.64
923,2023-06-06,5.0,1615.52,3.91,31.53,248.91,35.29,136.07,170.52,33.44
924,2023-06-07,5.0,1415.25,2.71,28.1,286.1,58.17,117.14,145.57,30.65
925,2023-06-08,5.0,961.3,1.56,19.54,308.99,53.41,82.16,91.66,25.84
926,2023-06-09,5.0,1895.9,9.05,38.73,211.72,28.85,126.55,168.27,33.94
927,2023-06-10,5.0,694.27,1.61,12.51,248.91,35.76,74.93,94.98,22.55
928,2023-06-11,5.0,674.25,1.87,16.28,191.69,23.13,48.39,83.32,21.53
929,2023-06-12,4.0,614.17,1.75,15.42,163.08,21.7,65.77,144.6,21.53
930,2023-06-13,4.0,560.76,1.79,12.34,178.81,20.03,51.62,113.54,20.01
931,2023-06-14,3.0,427.25,1.1,9.08,138.76,13.59,25.75,37.4,16.21
932,2023-06-15,3.0,370.5,0.66,7.71,121.59,10.85,17.18,25.24,13.3
933,2023-06-16,3.0,433.92,0.89,9.85,123.02,12.4,22.64,33.12,14.44
934,2023-06-17,4.0,1468.66,1.37,38.04,105.86,24.56,70.54,105.25,34.45
935,2023-06-18,4.0,1255.04,0.89,32.56,123.02,20.27,59.42,89.3,30.4
936,2023-06-19,4.0,894.55,1.87,23.99,158.79,18.12,36.56,54.88,23.81
937,2023-06-20,3.0,961.3,0.29,25.02,120.16,17.64,38.41,57.05,20.27
938,2023-06-21,3.0,741.0,0.32,12.68,95.84,20.27,46.66,49.63,10.77
939,2023-06-22,3.0,687.6,0.47,9.42,111.58,10.01,30.89,32.95,11.4
940,2023-06-23,5.0,2269.74,18.1,50.04,72.24,26.23,105.89,152.16,47.12
941,2023-06-24,5.0,1735.69,10.39,31.87,100.14,12.16,82.1,122.76,29.64
942,2023-06-25,5.0,834.47,0.21,10.11,92.98,8.82,75.91,77.89,14.31
943,2023-06-26,3.0,727.65,0.62,14.22,85.12,11.09,31.88,38.77,17.48
944,2023-06-27,3.0,587.46,0.77,9.25,124.45,7.63,25.72,30.07,16.97
945,2023-06-28,3.0,587.46,0.3,8.74,120.16,8.58,31.94,36.86,10.39
946,2023-06-29,3.0,881.2,0.32,21.59,97.27,10.37,36.9,39.58,4.5
947,2023-06-30,4.0,1121.52,0.19,24.33,40.41,19.31,54.94,60.48,7.28
948,2023-07-01,2.0,547.41,0.37,11.14,58.65,8.34,18.32,21.03,4.37
949,2023-07-02,4.0,1588.82,0.95,53.47,43.99,29.33,71.43,89.47,42.05
950,2023-07-03,3.0,1108.17,0.68,22.96,27.89,16.21,39.65,50.46,9.63
951,2023-07-04,3.0,1188.28,0.99,19.36,47.21,8.23,47.62,54.48,6.21
952,2023-07-05,4.0,1121.52,0.21,18.51,49.35,9.06,59.65,61.24,6.97
953,2023-07-06,4.0,1041.41,0.46,19.71,38.98,13.47,58.4,69.15,7.47
954,2023-07-07,4.0,907.9,0.78,11.65,72.96,9.3,58.73,66.34,4.94
955,2023-07-08,4.0,654.22,0.88,15.08,94.41,9.78,50.95,53.31,3.99
956,2023-07-09,4.0,674.25,0.62,11.31,79.39,6.85,57.32,63.24,6.52
957,2023-07-10,4.0,720.98,0.32,19.19,72.96,9.78,67.11,69.73,12.16
958,2023-07-11,3.0,834.47,0.57,22.28,70.81,11.09,44.82,58.9,9.5
959,2023-07-12,4.0,867.84,1.93,15.08,72.24,8.23,64.98,76.21,7.6
960,2023-07-13,4.0,1174.93,2.71,20.22,107.29,10.37,63.77,68.74,7.6
961,2023-07-14,5.0,1214.98,0.67,21.08,45.06,12.52,85.71,100.44,9.37
962,2023-07-15,5.0,1735.69,12.85,27.42,69.38,13.35,94.56,123.29,14.95
963,2023-07-16,5.0,1281.74,1.12,18.68,151.63,8.82,115.17,119.45,11.65
964,2023-07-17,4.0,1068.12,0.78,11.65,103.0,8.94,68.65,75.62,12.29
965,2023-07-18,3.0,607.49,0.49,9.42,107.29,8.34,28.11,37.8,10.51
966,2023-07-19,3.0,594.14,0.0,8.83,56.51,5.72,27.35,36.35,7.6
967,2023-07-20,5.0,720.98,1.17,9.34,148.77,10.01,82.94,93.53,14.19
968,2023-07-21,5.0,647.54,0.92,7.71,143.05,8.46,82.19,91.75,13.93
969,2023-07-22,4.0,554.08,0.66,6.6,147.34,7.51,51.05,53.26,11.65
970,2023-07-23,3.0,467.3,0.52,4.71,118.73,6.2,44.88,47.85,8.49
971,2023-07-24,5.0,640.87,1.02,11.65,144.48,8.58,80.33,87.22,8.23
972,2023-07-25,4.0,781.06,0.86,15.25,72.24,9.54,55.19,61.58,7.09
973,2023-07-26,4.0,854.49,0.37,17.48,75.1,12.76,62.65,67.61,8.11
974,2023-07-27,4.0,847.82,1.37,16.62,91.55,11.8,59.78,70.9,11.91
975,2023-07-28,5.0,847.82,2.32,15.59,157.36,21.22,80.04,87.05,8.87
976,2023-07-29,5.0,1134.87,0.17,20.73,59.37,13.95,76.58,85.65,8.49
977,2023-07-30,3.0,807.76,2.79,15.94,68.66,11.32,32.89,43.93,7.66
978,2023-07-31,5.0,974.66,0.49,20.22,140.19,17.64,82.21,98.54,8.49
979,2023-08-01,4.0,814.44,3.02,18.85,90.12,22.89,53.23,67.09,8.61
980,2023-08-02,5.0,934.6,0.64,22.62,77.96,21.22,85.3,98.54,7.35
981,2023-08-03,5.0,1255.04,4.86,20.73,87.98,12.87,111.18,123.74,12.03
982,2023-08-04,3.0,794.41,0.43,13.54,67.23,10.01,38.8,45.4,5.83
983,2023-08-05,5.0,1121.52,1.45,22.96,124.45,19.07,82.54,92.87,7.54
984,2023-08-06,4.0,947.95,0.3,16.28,48.64,12.76,72.57,78.29,5.89
985,2023-08-07,2.0,527.38,1.65,15.42,55.79,12.76,16.35,28.52,11.65
986,2023-08-08,3.0,921.25,1.9,26.39,80.82,14.19,41.89,63.61,10.51
987,2023-08-09,3.0,907.9,1.1,25.02,50.78,15.5,41.93,62.79,10.64
988,2023-08-10,3.0,774.38,4.75,19.36,90.12,17.88,38.4,55.99,11.02
989,2023-08-11,3.0,747.68,2.51,20.39,103.0,14.66,37.48,53.79,13.55
990,2023-08-12,2.0,540.73,1.4,13.71,74.39,9.54,24.03,35.73,13.55
991,2023-08-13,3.0,774.38,0.98,22.62,69.38,15.02,35.05,53.61,15.07
992,2023-08-14,5.0,1895.9,8.83,37.7,66.52,24.08,116.83,153.2,14.95
993,2023-08-15,5.0,1789.09,24.81,25.7,151.63,18.84,108.83,143.02,13.17
994,2023-08-16,4.0,961.3,4.81,21.42,108.72,16.21,73.55,94.41,11.27
995,2023-08-17,4.0,1041.41,1.36,33.59,48.64,24.32,58.89,85.14,12.03
996,2023-08-18,5.0,1268.39,1.19,27.76,105.86,16.21,78.87,107.36,15.07
997,2023-08-19,5.0,1161.58,0.8,16.45,108.72,7.15,82.3,94.54,7.47
998,2023-08-20,4.0,687.6,0.7,10.97,133.04,6.44,71.47,83.94,11.27
999,2023-08-21,5.0,881.2,2.15,11.48,108.72,10.49,95.7,110.89,8.87
1000,2023-08-22,4.0,841.14,0.39,13.71,81.54,13.95,71.04,76.28,6.4
1001,2023-08-23,3.0,774.38,1.7,15.08,104.43,15.14,42.09,45.07,5.57
1002,2023-08-24,3.0,614.17,0.5,13.19,43.99,10.01,26.88,34.97,5.64
1003,2023-08-25,3.0,540.73,2.21,16.45,105.86,14.42,33.61,53.2,12.92
1004,2023-08-26,3.0,480.65,2.99,13.02,111.58,10.61,36.48,51.24,11.78
1005,2023-08-27,3.0,423.91,1.51,10.62,101.57,8.46,30.02,50.19,13.3
1006,2023-08-28,3.0,667.57,1.93,18.51,110.15,13.95,42.24,63.34,10.89
1007,2023-08-29,5.0,1562.12,22.13,19.36,135.9,17.4,96.1,138.29,17.73
1008,2023-08-30,5.0,1789.09,26.15,21.93,147.34,17.64,121.61,171.7,21.28
1009,2023-08-31,5.0,1388.55,4.97,32.9,163.08,21.22,133.61,197.32,21.53
1010,2023-09-01,5.0,1108.17,5.09,26.73,175.95,21.46,120.06,171.89,19.25
1011,2023-09-02,5.0,854.49,2.18,17.48,158.79,14.9,118.64,169.32,19.0
1012,2023-09-03,5.0,801.09,4.36,18.34,165.94,17.17,91.28,122.91,20.77
1013,2023-09-04,5.0,1174.93,7.15,22.28,197.41,33.86,148.75,177.49,15.83
1014,2023-09-05,5.0,1148.22,1.03,15.59,117.3,8.94,115.88,125.9,10.39
1015,2023-09-06,4.0,1214.98,3.41,22.28,115.87,20.98,73.48,87.46,15.45
1016,2023-09-07,4.0,1134.87,0.67,13.19,130.18,8.46,74.95,82.06,9.75
1017,2023-09-08,4.0,841.14,0.58,8.83,107.29,7.99,57.87,61.02,5.13
1018,2023-09-09,3.0,741.0,1.22,13.37,77.25,6.74,33.0,35.91,4.43
1019,2023-09-10,3.0,894.55,0.88,13.54,50.78,6.85,38.64,40.6,5.32
1020,2023-09-11,4.0,1054.76,1.22,21.08,53.64,11.44,59.82,71.06,8.99
1021,2023-09-12,4.0,1321.79,1.79,26.05,76.53,15.02,71.04,86.64,9.75
1022,2023-09-13,4.0,1375.2,0.47,23.65,60.08,14.31,65.5,79.52,10.01
1023,2023-09-14,5.0,1361.85,5.09,22.96,69.38,11.09,104.57,121.9,13.68
1024,2023-09-15,5.0,1068.12,0.55,11.82,110.15,7.03,94.43,107.75,9.75
1025,2023-09-16,3.0,674.25,0.42,10.8,88.69,7.63,49.91,52.23,5.95
1026,2023-09-17,4.0,881.2,0.51,15.59,58.65,11.8,70.8,83.29,7.22
1027,2023-09-18,5.0,1388.55,12.96,39.76,61.51,17.64,99.54,118.89,19.0
1028,2023-09-19,5.0,1068.12,4.08,29.13,125.89,28.13,97.48,111.8,15.83
1029,2023-09-20,5.0,2162.93,2.21,61.01,173.09,19.79,211.58,242.44,26.6
1030,2023-09-21,5.0,1255.04,5.25,23.65,118.73,20.5,114.5,132.01,12.79
1031,2023-09-22,3.0,687.6,0.95,12.17,55.07,10.37,33.4,37.41,6.97
1032,2023-09-23,2.0,607.49,0.98,12.85,75.1,7.39,20.89,28.46,8.61
1033,2023-09-24,5.0,2403.26,17.21,48.67,134.47,30.04,165.32,226.79,58.77
1034,2023-09-25,5.0,2323.15,18.78,33.24,117.3,14.9,165.23,223.44,28.12
1035,2023-09-26,5.0,2029.42,4.75,44.55,123.02,18.6,147.06,183.39,20.77
1036,2023-09-27,5.0,3311.16,26.38,60.32,191.69,25.27,339.41,414.04,28.12
1037,2023-09-28,5.0,3231.05,43.81,73.34,226.02,67.71,366.69,430.25,39.52
1038,2023-09-29,5.0,2082.82,14.53,48.67,280.38,48.64,263.63,313.45,25.59
1039,2023-09-30,5.0,1468.66,0.0,26.05,45.06,12.4,207.13,244.8,12.03
1040,2023-10-01,,,,,,,,,
1041,2023-10-02,5.0,2750.4,13.19,45.24,125.89,29.56,250.72,292.51,23.05
1042,2023-10-03,5.0,1949.31,6.82,33.59,104.43,16.45,202.13,228.57,16.47
1043,2023-10-04,4.0,1228.33,6.2,16.96,95.84,12.64,55.69,81.55,10.89
1044,2023-10-05,5.0,2857.21,23.47,48.67,86.55,21.7,188.28,253.53,27.36
1045,2023-10-06,5.0,3017.43,21.9,65.8,248.91,44.82,313.9,383.89,36.48
1046,2023-10-07,5.0,2937.32,12.96,56.89,231.74,33.86,315.14,386.09,90.18
1047,2023-10-08,5.0,2376.56,10.62,37.7,197.41,22.41,228.08,291.78,22.55
1048,2023-10-09,5.0,1041.41,4.02,26.39,155.93,20.27,111.53,154.48,24.57
1049,2023-10-10,5.0,1789.09,2.85,43.53,185.97,24.08,138.13,194.12,32.93
1050,2023-10-11,5.0,2002.72,11.51,42.84,211.72,31.95,187.18,250.3,34.96
1051,2023-10-12,5.0,3070.83,49.62,42.16,248.91,48.16,270.88,342.81,34.96
1052,2023-10-13,5.0,2964.02,33.08,57.58,280.38,50.54,281.99,353.22,54.72
1053,2023-10-14,5.0,2937.32,10.73,49.35,237.46,49.11,335.31,384.51,83.09
1054,2023-10-15,5.0,2029.42,10.17,46.61,171.66,24.56,151.61,203.6,49.65
1055,2023-10-16,5.0,3044.13,42.47,49.35,111.58,55.31,243.77,300.67,110.45
1056,2023-10-17,5.0,2590.18,6.48,68.55,155.93,23.84,225.51,276.38,38.5
1057,2023-10-18,5.0,2216.34,17.88,31.87,164.51,23.6,269.25,309.46,28.63
1058,2023-10-19,5.0,1762.39,7.04,54.84,183.11,29.09,189.47,217.76,35.97
1059,2023-10-20,5.0,2696.99,44.26,61.69,226.02,35.76,218.37,265.23,45.6
1060,2023-10-21,5.0,2376.56,19.0,60.32,223.16,82.97,253.77,293.53,94.23
1061,2023-10-22,5.0,2296.45,17.66,54.15,231.74,66.76,247.66,270.33,63.84
1062,2023-10-23,5.0,2830.51,30.85,65.8,214.58,58.65,254.05,313.87,57.76
1063,2023-10-24,5.0,2883.91,33.53,56.89,217.44,40.53,273.7,330.49,56.24
1064,2023-10-25,5.0,3364.56,51.41,73.34,175.95,45.78,296.82,352.27,57.25
1065,2023-10-26,5.0,2323.15,2.6,65.12,183.11,29.56,187.81,237.21,39.01
1066,2023-10-27,5.0,1708.98,5.48,47.3,194.55,30.99,211.97,248.41,35.46
1067,2023-10-28,5.0,1682.28,12.63,39.76,197.41,27.18,188.23,221.46,51.17
1068,2023-10-29,5.0,2109.53,9.72,47.98,205.99,44.35,267.71,298.78,77.01
1069,2023-10-30,5.0,2162.93,14.75,58.26,223.16,56.27,303.42,344.9,82.08
1070,2023-10-31,5.0,2403.26,13.41,49.35,197.41,39.58,277.45,330.12,82.08
1071,2023-11-01,5.0,2269.74,6.09,70.6,191.69,51.02,311.7,351.45,107.41
1072,2023-11-02,5.0,2029.42,10.95,52.78,180.24,37.67,251.1,290.37,68.9
1073,2023-11-03,5.0,2082.82,14.98,47.98,160.22,53.41,246.12,293.59,56.24
1074,2023-11-04,5.0,1789.09,11.96,37.7,165.94,35.29,169.64,197.74,32.93
1075,2023-11-05,5.0,1548.77,14.19,29.47,164.51,28.37,124.55,159.53,28.63
1076,2023-11-06,5.0,1762.39,12.52,45.93,171.66,33.86,160.41,188.88,42.05
1077,2023-11-07,5.0,1895.9,9.39,47.3,173.09,44.35,227.51,264.86,50.66
1078,2023-11-08,5.0,2189.64,17.43,58.26,185.97,43.39,225.16,270.84,70.93
1079,2023-11-09,5.0,2002.72,16.09,47.3,165.94,29.8,176.83,229.05,50.16
1080,2023-11-10,5.0,2349.85,13.41,75.4,160.22,68.66,227.14,283.11,80.05
1081,2023-11-11,5.0,1869.2,3.91,47.98,86.55,22.65,166.87,214.33,31.66
1082,2023-11-12,5.0,1895.9,11.4,50.72,164.51,35.76,183.7,212.48,34.96
1083,2023-11-13,5.0,1976.01,11.4,57.58,183.11,47.68,200.32,243.84,46.61
1084,2023-11-14,5.0,2136.23,10.95,56.89,188.83,45.78,343.08,398.19,42.05
1085,2023-11-15,5.0,2403.26,20.34,67.17,185.97,70.57,329.91,392.87,84.1
1086,2023-11-16,5.0,2109.53,6.09,63.75,178.81,44.35,299.83,356.84,86.13
1087,2023-11-17,5.0,2082.82,10.73,58.95,150.2,41.01,256.78,297.41,88.16
1088,2023-11-18,5.0,1762.39,4.75,47.3,157.36,37.67,222.88,249.75,60.29
1089,2023-11-19,5.0,1415.25,3.63,43.18,154.5,24.56,166.26,191.23,49.65
1090,2023-11-20,5.0,1735.69,6.37,42.16,157.36,36.72,240.79,271.32,31.66
1091,2023-11-21,5.0,1308.44,4.36,25.7,164.51,27.18,209.39,232.51,22.29
1092,2023-11-22,5.0,2162.93,4.19,50.04,175.95,38.62,300.49,330.15,35.97
1093,2023-11-23,5.0,2349.85,9.83,61.01,226.02,56.27,308.29,346.51,92.21
1094,2023-11-24,5.0,2456.67,11.96,51.41,211.72,49.11,399.72,441.14,66.88
1095,2023-11-25,5.0,2056.12,3.49,52.09,181.67,66.76,460.04,496.28,53.2
1096,2023-11-26,5.0,2269.74,9.83,61.01,151.63,39.58,324.34,356.35,104.37
1097,2023-11-27,5.0,1976.01,10.51,47.98,133.04,15.97,264.34,302.61,22.8
1098,2023-11-28,5.0,1869.2,5.36,39.07,140.19,15.97,259.57,283.02,40.53
1099,2023-11-29,5.0,1869.2,9.83,38.73,143.05,17.88,218.46,253.31,45.6
1100,2023-11-30,5.0,1628.88,6.2,29.82,145.91,10.97,168.39,194.07,30.15
1101,2023-12-01,5.0,2216.34,7.49,80.88,125.89,51.98,232.54,273.34,70.93
1102,2023-12-02,5.0,1762.39,7.04,41.81,133.04,22.17,203.8,228.85,43.57
1103,2023-12-03,5.0,1495.36,6.82,47.3,135.9,38.62,131.64,151.3,62.82
1104,2023-12-04,5.0,1188.28,0.75,28.1,79.39,13.11,105.24,111.69,31.92
1105,2023-12-05,5.0,1842.5,10.95,43.87,56.51,25.51,147.41,186.56,21.79
1106,2023-12-06,5.0,1815.8,15.42,56.89,173.09,33.86,193.93,224.56,46.61
1107,2023-12-07,5.0,2189.64,18.1,61.01,137.33,23.84,252.34,303.05,34.45
1108,2023-12-08,5.0,2029.42,8.72,47.3,125.89,34.33,275.46,324.45,27.87
1109,2023-12-09,5.0,1295.09,3.74,22.28,147.34,30.04,209.52,231.96,16.21
1110,2023-12-10,5.0,1188.28,2.43,28.45,148.77,36.24,186.0,206.78,20.52
1111,2023-12-11,5.0,1895.9,12.41,48.67,150.2,39.58,183.64,236.58,38.5
1112,2023-12-12,5.0,2883.91,24.14,47.98,163.08,49.11,352.08,403.66,27.87
1113,2023-12-13,5.0,1895.9,7.6,35.64,160.22,29.09,226.3,268.38,19.25
1114,2023-12-14,5.0,1668.93,9.39,37.36,157.36,40.53,227.35,271.48,21.03
1115,2023-12-15,5.0,2189.64,16.09,50.04,160.22,48.64,299.46,346.97,31.41
1116,2023-12-16,5.0,2002.72,5.87,38.73,177.38,30.04,361.47,398.15,24.07
1117,2023-12-17,5.0,1762.39,8.94,34.96,170.23,41.48,294.1,326.82,29.39
1118,2023-12-18,5.0,1441.96,4.92,26.39,150.2,21.93,260.2,284.08,21.79
1119,2023-12-19,5.0,2269.74,6.43,48.67,170.23,27.66,284.1,332.17,24.32
1120,2023-12-20,5.0,2002.72,12.41,44.55,177.38,37.67,269.47,312.41,28.63
1121,2023-12-21,5.0,2723.69,12.52,71.97,194.55,56.74,377.43,441.78,73.97
1122,2023-12-22,5.0,3124.24,27.27,77.46,200.27,42.92,479.69,531.37,39.52
1123,2023-12-23,5.0,2670.29,9.16,49.35,161.65,38.15,468.44,516.34,48.64
1124,2023-12-24,5.0,2456.67,14.75,37.01,148.77,18.12,363.44,394.47,34.45
1125,2023-12-25,5.0,2082.82,14.19,50.04,168.8,38.62,316.7,352.8,30.91
1126,2023-12-26,5.0,2323.15,20.79,61.69,188.83,76.29,381.03,425.03,63.84
1127,2023-12-27,5.0,3044.13,27.49,58.95,191.69,44.82,474.86,526.18,58.26
1128,2023-12-28,5.0,2830.51,15.2,62.38,200.27,58.17,530.56,580.61,55.22
1129,2023-12-29,5.0,2483.37,6.54,60.32,203.13,58.17,598.35,637.98,72.96
1130,2023-12-30,5.0,2109.53,5.53,45.93,173.09,33.38,588.8,622.34,54.21
1131,2023-12-31,5.0,2002.72,6.15,52.09,161.65,28.13,568.14,591.81,58.26
1132,2024-01-01,5.0,1976.01,19.89,59.63,110.15,49.11,468.47,500.9,51.68
1133,2024-01-02,5.0,1976.01,15.87,47.3,140.19,40.05,366.96,395.78,27.36
1134,2024-01-03,5.0,2483.37,15.2,69.92,117.3,51.5,346.09,393.7,80.05
1135,2024-01-04,5.0,2349.85,10.84,60.32,143.05,47.68,406.18,435.43,102.34
1136,2024-01-05,5.0,1815.8,7.6,63.75,137.33,41.48,278.45,307.66,39.52
1137,2024-01-06,5.0,1562.12,8.72,31.53,103.0,20.98,227.38,250.92,14.69
1138,2024-01-07,5.0,1468.66,7.49,37.01,134.47,34.81,328.49,350.0,17.23
1139,2024-01-08,5.0,2029.42,8.61,52.78,157.36,44.82,255.13,306.07,35.97
1140,2024-01-09,5.0,1682.28,0.18,32.22,18.95,8.34,239.4,277.83,11.4
1141,2024-01-10,5.0,1401.9,3.63,21.76,154.5,24.32,312.27,332.83,9.12
1142,2024-01-11,5.0,1949.31,5.59,33.24,168.8,32.42,364.91,400.91,11.4
1143,2024-01-12,5.0,2162.93,9.39,45.24,164.51,41.01,368.91,401.49,16.47
1144,2024-01-13,5.0,2243.04,18.78,36.33,178.81,44.35,384.79,413.35,17.23
1145,2024-01-14,5.0,2243.04,5.98,37.01,194.55,28.13,421.03,452.79,24.83
1146,2024-01-15,5.0,2563.48,10.39,57.58,217.44,50.07,444.59,501.59,47.62
1147,2024-01-16,5.0,3044.13,12.63,70.6,170.23,73.43,581.11,640.01,23.05
1148,2024-01-17,5.0,3204.35,10.39,76.77,143.05,54.84,625.02,666.01,82.08
1149,2024-01-18,5.0,2536.77,18.55,62.38,145.91,61.04,341.16,376.19,97.27
1150,2024-01-19,5.0,2269.74,15.65,61.01,97.27,37.67,290.07,317.03,58.77
1151,2024-01-20,5.0,1762.39,8.38,49.35,150.2,24.32,306.34,339.38,39.52
1152,2024-01-21,5.0,1642.23,4.14,43.18,144.48,30.99,375.34,407.42,6.08
1153,2024-01-22,5.0,2323.15,9.5,65.12,191.69,46.25,354.77,409.39,41.54
1154,2024-01-23,5.0,2082.82,12.29,45.93,105.86,88.69,340.59,369.94,19.0
1155,2024-01-24,5.0,2216.34,7.49,49.35,144.48,40.53,346.87,402.36,15.71
1156,2024-01-25,5.0,2777.1,17.43,62.38,140.19,53.88,525.15,592.35,45.09
1157,2024-01-26,5.0,2483.37,8.38,51.41,183.11,32.42,449.67,489.3,31.92
1158,2024-01-27,5.0,1976.01,2.68,33.59,167.37,16.21,399.83,435.72,10.13
1159,2024-01-28,5.0,1815.8,10.62,35.3,173.09,25.75,326.53,352.63,70.93
1160,2024-01-29,5.0,2029.42,4.58,55.52,183.11,36.24,508.68,539.63,61.3
1161,2024-01-30,5.0,3150.94,18.78,78.14,178.81,92.51,580.3,629.84,78.02
1162,2024-01-31,5.0,2830.51,12.52,74.03,153.06,69.62,526.17,591.73,57.25
1163,2024-02-01,5.0,1361.85,1.68,23.99,97.27,15.5,265.99,290.75,14.31
1164,2024-02-02,5.0,1588.82,18.78,22.96,148.77,64.85,140.45,158.12,16.72
1165,2024-02-03,5.0,934.6,2.46,17.14,144.48,22.41,172.09,185.82,14.57
1166,2024-02-04,5.0,1174.93,4.08,23.99,92.98,17.4,129.59,148.13,22.04
1167,2024-02-05,5.0,2243.04,3.27,90.48,82.25,61.99,186.63,228.26,86.13
1168,2024-02-06,5.0,1575.47,10.62,38.39,140.19,29.56,134.56,153.06,27.11
1169,2024-02-07,5.0,867.84,4.08,20.56,158.79,33.86,147.34,163.73,18.49
1170,2024-02-08,5.0,947.95,1.68,19.19,168.8,34.33,159.27,175.14,17.23
1171,2024-02-09,5.0,2269.74,14.75,65.12,205.99,58.65,291.38,346.92,84.1
1172,2024-02-10,5.0,2029.42,6.31,45.24,205.99,31.47,325.49,355.68,37.49
1173,2024-02-11,5.0,1735.69,9.61,47.3,180.24,40.05,260.59,290.81,47.62
1174,2024-02-12,5.0,1815.8,7.93,47.3,183.11,51.02,266.55,296.78,78.02
1175,2024-02-13,5.0,1789.09,8.94,34.62,135.9,18.12,223.15,255.87,33.94
1176,2024-02-14,5.0,1735.69,11.29,45.93,131.61,20.03,159.04,185.47,34.96
1177,2024-02-15,5.0,2082.82,16.99,48.67,183.11,37.19,260.79,290.41,26.35
1178,2024-02-16,5.0,2189.64,16.09,37.7,214.58,38.15,323.14,362.23,23.81
1179,2024-02-17,5.0,1482.01,3.63,30.16,164.51,30.99,241.14,266.26,27.11
1180,2024-02-18,5.0,1789.09,19.0,55.52,205.99,47.68,231.4,269.58,60.29
1181,2024-02-19,5.0,1268.39,1.98,23.31,174.52,13.23,177.35,200.48,23.81
1182,2024-02-20,5.0,2002.72,2.63,59.63,197.41,44.35,289.18,332.24,42.05
1183,2024-02-21,5.0,2056.12,6.54,47.98,138.76,30.52,283.97,328.28,39.01
1184,2024-02-22,5.0,1895.9,13.08,38.39,150.2,20.27,213.86,249.14,28.88
1185,2024-02-23,5.0,1441.96,8.38,39.41,151.63,41.96,122.34,147.52,33.44
1186,2024-02-24,5.0,1321.79,9.16,31.53,155.93,28.61,151.63,178.89,29.64
1187,2024-02-25,5.0,1268.39,8.83,29.13,160.22,25.99,128.33,154.06,30.91
1188,2024-02-26,5.0,1602.17,14.31,38.04,164.51,37.67,170.75,202.07,35.97
1189,2024-02-27,5.0,1842.5,17.88,37.7,183.11,32.42,194.92,229.3,42.05
1190,2024-02-28,5.0,907.9,6.71,22.62,155.93,35.29,108.64,126.81,21.28
1191,2024-02-29,5.0,1295.09,3.86,27.76,203.13,38.62,164.56,184.76,26.35
1192,2024-03-01,5.0,2056.12,5.81,55.52,228.88,62.94,196.9,253.63,85.12
1193,2024-03-02,5.0,1522.06,1.15,29.47,130.18,24.32,173.24,215.46,50.16
1194,2024-03-03,5.0,727.65,0.1,12.68,100.14,5.72,78.22,81.84,8.23
1195,2024-03-04,4.0,1174.93,5.31,23.31,134.47,23.13,73.47,88.9,15.71
1196,2024-03-05,4.0,781.06,3.02,16.62,161.65,18.12,67.05,83.56,21.53
1197,2024-03-06,5.0,974.66,2.65,17.65,181.67,21.22,130.93,146.44,22.8
1198,2024-03-07,5.0,1295.09,2.79,22.28,185.97,27.66,227.39,250.1,22.8
1199,2024-03-08,5.0,1001.36,2.74,19.02,175.95,22.89,147.68,170.76,21.03
1200,2024-03-09,5.0,814.44,1.47,15.25,163.08,18.84,79.26,97.33,22.04
1201,2024-03-10,5.0,1695.63,2.91,37.7,194.55,29.33,163.21,195.17,42.56
1202,2024-03-11,5.0,1655.58,6.2,33.93,240.33,30.99,220.34,246.36,34.96
1203,2024-03-12,5.0,1482.01,4.3,26.73,200.27,29.8,205.54,243.69,26.85
1204,2024-03-13,5.0,1522.06,6.54,34.96,160.22,30.99,116.64,159.63,33.44
1205,2024-03-14,5.0,1441.96,5.2,32.56,205.99,32.9,166.44,198.53,31.41
1206,2024-03-15,5.0,1415.25,4.69,36.33,185.97,46.25,131.43,158.46,30.91
1207,2024-03-16,5.0,1188.28,5.36,26.73,211.72,34.33,150.22,171.88,29.13
1208,2024-03-17,5.0,1295.09,6.93,27.08,223.16,31.95,157.79,186.45,30.4
1209,2024-03-18,5.0,1615.52,9.05,34.96,231.74,38.15,218.46,251.55,32.93
1210,2024-03-19,5.0,1695.63,10.17,41.81,231.74,36.72,230.66,270.27,41.54
1211,2024-03-20,5.0,2002.72,5.25,56.21,214.58,48.16,208.46,254.59,74.98
1212,2024-03-21,5.0,2029.42,0.7,68.55,140.19,56.27,145.82,185.76,80.05
1213,2024-03-22,5.0,1388.55,8.16,29.13,183.11,24.56,128.7,166.63,43.57
